event_type,class_index,positives,negatives,roc_auc,pr_auc,f1_score,model
Atrial Fibrillation,5,750,0,,,,Fine-tuned (AFIB)
Sinus Tachycardia,6,0,750,,,,Fine-tuned (AFIB)
Isolated Ventricular Beat,9,0,750,,,,Fine-tuned (AFIB)
Isolated Supraventricular Beat,16,0,750,,,,Fine-tuned (AFIB)
Supraventricular Couplet,20,0,750,,,,Fine-tuned (AFIB)
Prolonged RR Interval,81,0,750,,,,Fine-tuned (AFIB)
Ventricular Couplet,91,0,750,,,,Fine-tuned (AFIB)
Ventricular Run,99,0,750,,,,Fine-tuned (AFIB)
Pause,143,0,750,,,,Fine-tuned (AFIB)
