window_id,t_start_s,t_end_s,activity,motion_mg,p_2,p_4,p_5,p_6,p_93,p_98,p_142,detections
3B8D_w0000,33.0,43.0,baseline,0.77,0.01,0.048,0.119,0.048,0.016,0.018,0.001,-
3B8D_w0001,43.0,53.0,baseline,0.8,0.009,0.035,0.114,0.032,0.017,0.02,0.001,-
3B8D_w0002,53.0,63.0,baseline,0.72,0.012,0.023,0.093,0.026,0.014,0.016,0.001,-
3B8D_w0003,63.0,73.0,baseline,0.72,0.008,0.028,0.141,0.031,0.019,0.021,0.001,-
3B8D_w0004,73.0,83.0,baseline,0.7,0.009,0.024,0.101,0.033,0.017,0.018,0.001,-
3B8D_w0005,83.0,93.0,baseline,0.71,0.006,0.033,0.138,0.027,0.016,0.02,0.001,-
3B8D_w0006,93.0,103.0,baseline,0.88,0.004,0.018,0.223,0.333,0.027,0.025,0.002,-
3B8D_w0007,103.0,113.0,baseline,0.42,0.472,0.271,0.18,0.325,0.029,0.038,0.009,-
3B8D_w0008,113.0,123.0,baseline,0.42,0.472,0.271,0.18,0.325,0.029,0.038,0.009,-
3B8D_w0009,123.0,133.0,baseline,0.42,0.472,0.271,0.18,0.325,0.029,0.038,0.009,-
3B8D_w0010,133.0,143.0,baseline,0.42,0.472,0.271,0.18,0.325,0.029,0.038,0.009,-
3B8D_w0011,143.0,153.0,baseline,0.42,0.472,0.271,0.18,0.325,0.029,0.038,0.009,-
3B8D_w0012,153.0,163.0,baseline,0.42,0.472,0.271,0.18,0.325,0.029,0.038,0.009,-
3B8D_w0013,163.0,173.0,baseline,0.42,0.472,0.271,0.18,0.325,0.029,0.038,0.009,-
3B8D_w0014,173.0,183.0,baseline,0.42,0.472,0.271,0.18,0.325,0.029,0.038,0.009,-
3B8D_w0015,183.0,193.0,baseline,0.42,0.472,0.271,0.18,0.325,0.029,0.038,0.009,-
3B8D_w0016,193.0,203.0,baseline,0.42,0.472,0.271,0.18,0.325,0.029,0.038,0.009,-
3B8D_w0017,203.0,213.0,baseline,0.42,0.472,0.271,0.18,0.325,0.029,0.038,0.009,-
3B8D_w0018,213.0,223.0,baseline,0.42,0.472,0.271,0.18,0.325,0.029,0.038,0.009,-
3B8D_w0019,223.0,233.0,baseline,0.42,0.472,0.271,0.18,0.325,0.029,0.038,0.009,-
3B8D_w0020,233.0,243.0,baseline,0.42,0.472,0.271,0.18,0.325,0.029,0.038,0.009,-
3B8D_w0021,243.0,253.0,baseline,0.42,0.472,0.271,0.18,0.325,0.029,0.038,0.009,-
3B8D_w0022,253.0,263.0,baseline,0.42,0.472,0.271,0.18,0.325,0.029,0.038,0.009,-
3B8D_w0023,263.0,273.0,baseline,0.42,0.472,0.271,0.18,0.325,0.029,0.038,0.009,-
3B8D_w0024,273.0,283.0,baseline,0.42,0.472,0.271,0.18,0.325,0.029,0.038,0.009,-
3B8D_w0025,283.0,293.0,baseline,0.42,0.472,0.271,0.18,0.325,0.029,0.038,0.009,-
3B8D_w0026,293.0,303.0,baseline,0.42,0.472,0.271,0.18,0.325,0.029,0.038,0.009,-
3B8D_w0027,303.0,313.0,baseline,0.42,0.472,0.271,0.18,0.325,0.029,0.038,0.009,-
3B8D_w0028,313.0,323.0,baseline,0.42,0.472,0.271,0.18,0.325,0.029,0.038,0.009,-
3B8D_w0029,323.0,333.0,baseline,0.42,0.472,0.271,0.18,0.325,0.029,0.038,0.009,-
3B8D_w0030,333.0,343.0,baseline,0.42,0.472,0.271,0.18,0.325,0.029,0.038,0.009,-
3B8D_w0031,343.0,353.0,baseline,0.42,0.472,0.271,0.18,0.325,0.029,0.038,0.009,-
3B8D_w0032,353.0,363.0,baseline,0.42,0.472,0.271,0.18,0.325,0.029,0.038,0.009,-
3B8D_w0033,363.0,373.0,baseline,0.42,0.472,0.271,0.18,0.325,0.029,0.038,0.009,-
3B8D_w0034,373.0,383.0,baseline,0.42,0.472,0.271,0.18,0.325,0.029,0.038,0.009,-
3B8D_w0035,383.0,393.0,baseline,0.42,0.472,0.271,0.18,0.325,0.029,0.038,0.009,-
3B8D_w0036,393.0,403.0,baseline,0.42,0.472,0.271,0.18,0.325,0.029,0.038,0.009,-
3B8D_w0037,403.0,413.0,baseline,0.42,0.472,0.271,0.18,0.325,0.029,0.038,0.009,-
3B8D_w0038,413.0,423.0,baseline,0.42,0.472,0.271,0.18,0.325,0.029,0.038,0.009,-
3B8D_w0039,423.0,433.0,baseline,0.42,0.472,0.271,0.18,0.325,0.029,0.038,0.009,-
3B8D_w0040,433.0,443.0,baseline,0.42,0.472,0.271,0.18,0.325,0.029,0.038,0.009,-
3B8D_w0041,443.0,453.0,baseline,0.42,0.472,0.271,0.18,0.325,0.029,0.038,0.009,-
3B8D_w0042,453.0,463.0,baseline,0.42,0.472,0.271,0.18,0.325,0.029,0.038,0.009,-
3B8D_w0043,463.0,473.0,baseline,0.42,0.472,0.271,0.18,0.325,0.029,0.038,0.009,-
3B8D_w0044,473.0,483.0,baseline,0.42,0.472,0.271,0.18,0.325,0.029,0.038,0.009,-
3B8D_w0045,483.0,493.0,baseline,0.42,0.472,0.271,0.18,0.325,0.029,0.038,0.009,-
3B8D_w0046,493.0,503.0,baseline,0.42,0.472,0.271,0.18,0.325,0.029,0.038,0.009,-
3B8D_w0047,503.0,513.0,baseline,0.42,0.472,0.271,0.18,0.325,0.029,0.038,0.009,-
3B8D_w0048,513.0,523.0,baseline,0.42,0.472,0.271,0.18,0.325,0.029,0.038,0.009,-
3B8D_w0049,523.0,533.0,baseline,0.42,0.472,0.271,0.18,0.325,0.029,0.038,0.009,-
3B8D_w0050,533.0,543.0,baseline,0.42,0.472,0.271,0.18,0.325,0.029,0.038,0.009,-
3B8D_w0051,543.0,553.0,baseline,0.42,0.472,0.271,0.18,0.325,0.029,0.038,0.009,-
3B8D_w0052,553.0,563.0,baseline,0.42,0.472,0.271,0.18,0.325,0.029,0.038,0.009,-
3B8D_w0053,563.0,573.0,baseline,0.42,0.472,0.271,0.18,0.325,0.029,0.038,0.009,-
3B8D_w0054,573.0,583.0,baseline,0.42,0.472,0.271,0.18,0.325,0.029,0.038,0.009,-
3B8D_w0055,583.0,593.0,baseline,0.42,0.472,0.271,0.18,0.325,0.029,0.038,0.009,-
3B8D_w0056,593.0,603.0,baseline,0.7,0.02,0.147,0.171,0.25,0.085,0.112,0.003,-
3B8D_w0057,603.0,613.0,lift,0.69,0.002,0.086,0.232,0.025,0.038,0.039,0.004,-
3B8D_w0058,613.0,623.0,lift,0.72,0.008,0.046,0.073,0.038,0.019,0.02,0.002,-
3B8D_w0059,623.0,633.0,lift,0.73,0.007,0.04,0.077,0.047,0.02,0.018,0.002,-
3B8D_w0060,633.0,643.0,lift,0.73,0.004,0.044,0.09,0.08,0.026,0.023,0.003,-
3B8D_w0061,643.0,653.0,lift,0.77,0.007,0.059,0.098,0.946,0.041,0.041,0.003,Sinus Tachycardia
3B8D_w0062,653.0,663.0,lift,1.2,0.003,0.017,0.079,0.997,0.04,0.027,0.001,Sinus Tachycardia
3B8D_w0063,663.0,673.0,lift,0.42,0.472,0.271,0.18,0.325,0.029,0.038,0.009,-
3B8D_w0064,673.0,683.0,lift,0.42,0.472,0.271,0.18,0.325,0.029,0.038,0.009,-
3B8D_w0065,683.0,693.0,lift,0.42,0.472,0.271,0.18,0.325,0.029,0.038,0.009,-
3B8D_w0066,693.0,703.0,lift,1.18,0.005,0.04,0.116,0.992,0.055,0.047,0.004,Sinus Tachycardia
3B8D_w0067,703.0,713.0,greetings,0.76,0.008,0.037,0.085,0.081,0.026,0.021,0.001,-
3B8D_w0068,713.0,723.0,greetings,0.8,0.009,0.06,0.075,0.055,0.021,0.021,0.002,-
3B8D_w0069,723.0,733.0,greetings,0.75,0.009,0.045,0.082,0.047,0.021,0.026,0.001,-
3B8D_w0070,733.0,743.0,greetings,0.74,0.012,0.035,0.071,0.032,0.014,0.018,0.001,-
3B8D_w0071,743.0,753.0,greetings,0.73,0.024,0.133,0.252,0.17,0.053,0.064,0.002,-
3B8D_w0072,753.0,763.0,greetings,0.42,0.472,0.271,0.18,0.325,0.029,0.038,0.009,-
3B8D_w0073,763.0,773.0,greetings,0.42,0.472,0.271,0.18,0.325,0.029,0.038,0.009,-
3B8D_w0074,773.0,783.0,greetings,0.64,0.027,0.246,0.114,0.36,0.058,0.125,0.002,-
3B8D_w0075,783.0,793.0,gesticulate,0.76,0.009,0.025,0.082,0.031,0.015,0.016,0.001,-
3B8D_w0076,793.0,803.0,gesticulate,0.75,0.007,0.034,0.094,0.038,0.019,0.019,0.001,-
3B8D_w0077,803.0,813.0,gesticulate,0.75,0.007,0.027,0.075,0.034,0.017,0.023,0.001,-
3B8D_w0078,813.0,823.0,gesticulate,0.73,0.008,0.039,0.095,0.033,0.018,0.024,0.001,-
3B8D_w0079,823.0,833.0,gesticulate,0.71,0.008,0.024,0.093,0.049,0.015,0.015,0.001,-
3B8D_w0080,833.0,843.0,gesticulate,0.71,0.007,0.023,0.089,0.044,0.018,0.022,0.002,-
3B8D_w0081,843.0,853.0,gesticulate,0.74,0.008,0.039,0.116,0.025,0.023,0.021,0.001,-
3B8D_w0082,853.0,863.0,gesticulate,0.73,0.007,0.038,0.126,0.044,0.021,0.016,0.001,-
3B8D_w0083,863.0,873.0,gesticulate,0.72,0.003,0.026,0.134,0.052,0.02,0.014,0.001,-
3B8D_w0084,873.0,883.0,gesticulate,0.74,0.008,0.034,0.078,0.031,0.009,0.012,0.001,-
3B8D_w0085,883.0,893.0,gesticulate,0.98,0.009,0.017,0.107,0.051,0.013,0.012,0.001,-
3B8D_w0086,893.0,903.0,gesticulate,0.42,0.472,0.271,0.18,0.325,0.029,0.038,0.009,-
3B8D_w0087,903.0,913.0,gesticulate,0.42,0.472,0.271,0.18,0.325,0.029,0.038,0.009,-
3B8D_w0088,913.0,923.0,gesticulate,0.42,0.472,0.271,0.18,0.325,0.029,0.038,0.009,-
3B8D_w0089,923.0,933.0,gesticulate,0.42,0.472,0.271,0.18,0.325,0.029,0.038,0.009,-
3B8D_w0090,933.0,943.0,gesticulate,0.82,0.018,0.128,0.38,0.1,0.044,0.085,0.003,-
3B8D_w0091,943.0,953.0,walk_before,0.74,0.011,0.023,0.073,0.035,0.016,0.017,0.001,-
3B8D_w0092,953.0,963.0,walk_before,0.69,0.015,0.026,0.078,0.023,0.013,0.014,0.001,-
3B8D_w0093,963.0,973.0,walk_before,0.72,0.008,0.018,0.094,0.022,0.014,0.014,0.001,-
3B8D_w0094,973.0,983.0,walk_before,0.73,0.009,0.024,0.078,0.031,0.014,0.014,0.001,-
3B8D_w0095,983.0,993.0,walk_before,0.77,0.008,0.035,0.099,0.026,0.011,0.014,0.001,-
3B8D_w0096,993.0,1003.0,walk_before,0.7,0.006,0.02,0.099,0.023,0.014,0.018,0.001,-
3B8D_w0097,1003.0,1013.0,walk_before,0.75,0.008,0.018,0.139,0.058,0.014,0.016,0.001,-
3B8D_w0098,1013.0,1023.0,walk_before,0.73,0.005,0.031,0.13,0.029,0.015,0.019,0.001,-
3B8D_w0099,1023.0,1033.0,walk_before,0.82,0.008,0.04,0.318,0.121,0.026,0.035,0.002,-
3B8D_w0100,1033.0,1043.0,walk_before,0.89,0.018,0.043,0.092,0.108,0.012,0.025,0.001,-
3B8D_w0101,1043.0,1053.0,walk_before,1.02,0.009,0.032,0.179,0.215,0.021,0.028,0.001,-
3B8D_w0102,1053.0,1063.0,walk_before,1.16,0.028,0.047,0.057,0.074,0.018,0.025,0.002,-
3B8D_w0103,1063.0,1073.0,walk_before,1.07,0.02,0.059,0.077,0.072,0.018,0.034,0.002,-
3B8D_w0104,1073.0,1083.0,walk_before,1.06,0.023,0.046,0.095,0.09,0.015,0.021,0.001,-
3B8D_w0105,1083.0,1093.0,walk_before,1.09,0.02,0.047,0.109,0.096,0.017,0.022,0.001,-
3B8D_w0106,1093.0,1103.0,walk_before,0.98,0.015,0.061,0.091,0.102,0.019,0.039,0.001,-
3B8D_w0107,1103.0,1113.0,walk_before,0.98,0.013,0.065,0.134,0.156,0.029,0.038,0.002,-
3B8D_w0108,1113.0,1123.0,walk_before,1.02,0.023,0.053,0.115,0.17,0.028,0.037,0.001,-
3B8D_w0109,1123.0,1133.0,walk_before,1.09,0.016,0.06,0.093,0.083,0.016,0.028,0.001,-
3B8D_w0110,1133.0,1143.0,walk_before,1.18,0.023,0.072,0.087,0.095,0.019,0.043,0.002,-
3B8D_w0111,1143.0,1153.0,walk_before,1.16,0.022,0.053,0.1,0.08,0.02,0.033,0.001,-
3B8D_w0112,1153.0,1163.0,walk_before,1.2,0.02,0.069,0.107,0.132,0.018,0.043,0.001,-
3B8D_w0113,1163.0,1173.0,walk_before,1.17,0.018,0.06,0.172,0.13,0.028,0.038,0.001,-
3B8D_w0114,1173.0,1183.0,walk_before,1.2,0.017,0.067,0.181,0.216,0.023,0.042,0.002,-
3B8D_w0115,1183.0,1193.0,walk_before,1.11,0.018,0.054,0.077,0.093,0.025,0.037,0.001,-
3B8D_w0116,1193.0,1203.0,walk_before,0.78,0.007,0.045,0.102,0.036,0.023,0.021,0.001,-
3B8D_w0117,1203.0,1213.0,walk_before,0.76,0.009,0.05,0.099,0.035,0.019,0.021,0.001,-
3B8D_w0118,1213.0,1223.0,walk_before,0.78,0.006,0.044,0.098,0.038,0.021,0.019,0.001,-
3B8D_w0119,1223.0,1233.0,walk_before,0.85,0.009,0.027,0.075,0.032,0.015,0.017,0.001,-
3B8D_w0120,1233.0,1243.0,walk_before,1.49,0.022,0.054,0.133,0.19,0.028,0.042,0.002,-
3B8D_w0121,1243.0,1253.0,walk_before,0.66,0.0,0.112,0.07,0.489,0.007,0.029,0.0,-
3B8D_w0122,1253.0,1263.0,walk_before,0.42,0.472,0.271,0.18,0.325,0.029,0.038,0.009,-
3B8D_w0123,1263.0,1273.0,walk_before,0.42,0.472,0.271,0.18,0.325,0.029,0.038,0.009,-
3B8D_w0124,1273.0,1283.0,walk_before,0.42,0.472,0.271,0.18,0.325,0.029,0.038,0.009,-
3B8D_w0125,1283.0,1293.0,run,0.42,0.472,0.271,0.18,0.325,0.029,0.038,0.009,-
3B8D_w0126,1293.0,1303.0,run,0.42,0.472,0.271,0.18,0.325,0.029,0.038,0.009,-
3B8D_w0127,1303.0,1313.0,run,0.42,0.472,0.271,0.18,0.325,0.029,0.038,0.009,-
3B8D_w0128,1313.0,1323.0,run,0.42,0.472,0.271,0.18,0.325,0.029,0.038,0.009,-
3B8D_w0129,1323.0,1333.0,run,0.42,0.472,0.271,0.18,0.325,0.029,0.038,0.009,-
3B8D_w0130,1333.0,1343.0,run,0.42,0.472,0.271,0.18,0.325,0.029,0.038,0.009,-
3B8D_w0131,1343.0,1353.0,run,0.42,0.472,0.271,0.18,0.325,0.029,0.038,0.009,-
3B8D_w0132,1353.0,1363.0,run,0.42,0.472,0.271,0.18,0.325,0.029,0.038,0.009,-
3B8D_w0133,1363.0,1373.0,run,0.42,0.472,0.271,0.18,0.325,0.029,0.038,0.009,-
3B8D_w0134,1373.0,1383.0,run,0.42,0.472,0.271,0.18,0.325,0.029,0.038,0.009,-
3B8D_w0135,1383.0,1393.0,run,0.42,0.472,0.271,0.18,0.325,0.029,0.038,0.009,-
3B8D_w0136,1393.0,1403.0,run,0.42,0.472,0.271,0.18,0.325,0.029,0.038,0.009,-
3B8D_w0137,1403.0,1413.0,run,0.42,0.472,0.271,0.18,0.325,0.029,0.038,0.009,-
3B8D_w0138,1413.0,1423.0,run,0.42,0.472,0.271,0.18,0.325,0.029,0.038,0.009,-
3B8D_w0139,1423.0,1433.0,run,0.42,0.472,0.271,0.18,0.325,0.029,0.038,0.009,-
3B8D_w0140,1433.0,1443.0,run,0.42,0.472,0.271,0.18,0.325,0.029,0.038,0.009,-
3B8D_w0141,1443.0,1453.0,run,1.67,0.015,0.21,0.192,0.346,0.101,0.327,0.003,-
3B8D_w0142,1453.0,1463.0,run,4.96,0.003,0.089,0.19,0.964,0.395,0.657,0.001,Sinus Tachycardia; Ventricular Run
3B8D_w0143,1463.0,1473.0,run,5.2,0.002,0.071,0.164,0.924,0.241,0.509,0.001,Sinus Tachycardia; Ventricular Run
3B8D_w0144,1473.0,1483.0,run,5.04,0.002,0.067,0.394,0.963,0.459,0.709,0.001,Sinus Tachycardia; Ventricular Run
3B8D_w0145,1483.0,1493.0,run,5.03,0.003,0.071,0.566,0.961,0.307,0.512,0.002,Atrial Fibrillation(suppressed); Sinus Tachycardia; Ventricular Run
3B8D_w0146,1493.0,1503.0,run,5.04,0.003,0.085,0.196,0.942,0.31,0.558,0.001,Sinus Tachycardia; Ventricular Run
3B8D_w0147,1503.0,1513.0,run,4.43,0.004,0.082,0.365,0.945,0.323,0.568,0.002,Sinus Tachycardia; Ventricular Run
3B8D_w0148,1513.0,1523.0,run,2.78,0.008,0.184,0.72,0.916,0.197,0.344,0.003,Atrial Fibrillation(suppressed); Sinus Tachycardia
3B8D_w0149,1523.0,1533.0,run,2.84,0.007,0.137,0.578,0.909,0.352,0.498,0.002,Atrial Fibrillation(suppressed); Sinus Tachycardia
3B8D_w0150,1533.0,1543.0,run,2.31,0.009,0.095,0.226,0.979,0.408,0.617,0.001,Sinus Tachycardia; Ventricular Run
3B8D_w0151,1543.0,1553.0,run,1.34,0.008,0.061,0.112,0.978,0.31,0.285,0.003,Sinus Tachycardia
3B8D_w0152,1553.0,1563.0,run,1.04,0.003,0.029,0.334,0.961,0.161,0.154,0.003,Sinus Tachycardia
3B8D_w0153,1563.0,1573.0,run,4.07,0.004,0.063,0.896,0.922,0.066,0.12,0.002,Atrial Fibrillation(suppressed); Sinus Tachycardia
3B8D_w0154,1573.0,1583.0,run,5.49,0.003,0.128,0.735,0.866,0.27,0.464,0.002,Atrial Fibrillation(suppressed); Sinus Tachycardia
3B8D_w0155,1583.0,1593.0,run,5.58,0.005,0.099,0.853,0.893,0.21,0.338,0.004,Atrial Fibrillation(suppressed); Sinus Tachycardia
3B8D_w0156,1593.0,1603.0,run,5.29,0.004,0.097,0.854,0.85,0.265,0.463,0.003,Atrial Fibrillation(suppressed); Sinus Tachycardia
3B8D_w0157,1603.0,1613.0,run,5.31,0.004,0.099,0.758,0.862,0.38,0.578,0.005,Atrial Fibrillation(suppressed); Sinus Tachycardia; Ventricular Run
3B8D_w0158,1613.0,1623.0,run,5.18,0.002,0.087,0.266,0.964,0.5,0.777,0.001,Sinus Tachycardia; Supraventricular Run; Ventricular Run
3B8D_w0159,1623.0,1633.0,run,5.07,0.001,0.07,0.223,0.968,0.552,0.783,0.001,Sinus Tachycardia; Supraventricular Run; Ventricular Run
3B8D_w0160,1633.0,1643.0,run,4.92,0.003,0.086,0.396,0.975,0.532,0.79,0.001,Sinus Tachycardia; Supraventricular Run; Ventricular Run
3B8D_w0161,1643.0,1653.0,run,4.87,0.004,0.083,0.34,0.929,0.403,0.689,0.001,Sinus Tachycardia; Ventricular Run
3B8D_w0162,1653.0,1663.0,run,5.12,0.003,0.066,0.306,0.962,0.44,0.765,0.001,Sinus Tachycardia; Ventricular Run
3B8D_w0163,1663.0,1673.0,run,4.9,0.004,0.116,0.579,0.772,0.383,0.573,0.001,Atrial Fibrillation(suppressed); Sinus Tachycardia; Ventricular Run
3B8D_w0164,1673.0,1683.0,run,4.79,0.003,0.09,0.66,0.928,0.379,0.583,0.001,Atrial Fibrillation(suppressed); Sinus Tachycardia; Ventricular Run
3B8D_w0165,1683.0,1693.0,run,4.48,0.001,0.072,0.581,0.959,0.343,0.634,0.001,Atrial Fibrillation(suppressed); Sinus Tachycardia; Ventricular Run
3B8D_w0166,1693.0,1703.0,run,4.77,0.008,0.072,0.412,0.882,0.389,0.539,0.001,Sinus Tachycardia; Ventricular Run
3B8D_w0167,1703.0,1713.0,run,4.74,0.005,0.067,0.422,0.885,0.345,0.648,0.001,Sinus Tachycardia; Ventricular Run
3B8D_w0168,1713.0,1723.0,run,4.58,0.005,0.072,0.657,0.875,0.38,0.582,0.002,Atrial Fibrillation(suppressed); Sinus Tachycardia; Ventricular Run
3B8D_w0169,1723.0,1733.0,run,4.61,0.006,0.113,0.491,0.933,0.3,0.574,0.002,Sinus Tachycardia; Ventricular Run
3B8D_w0170,1733.0,1743.0,run,4.67,0.005,0.074,0.482,0.965,0.419,0.678,0.001,Sinus Tachycardia; Ventricular Run
3B8D_w0171,1743.0,1753.0,run,4.77,0.002,0.077,0.343,0.957,0.439,0.716,0.001,Sinus Tachycardia; Ventricular Run
3B8D_w0172,1753.0,1763.0,run,4.42,0.008,0.08,0.573,0.949,0.412,0.615,0.002,Atrial Fibrillation(suppressed); Sinus Tachycardia; Ventricular Run
3B8D_w0173,1763.0,1773.0,run,4.21,0.001,0.068,0.374,0.93,0.335,0.665,0.001,Sinus Tachycardia; Ventricular Run
3B8D_w0174,1773.0,1783.0,run,4.18,0.005,0.09,0.394,0.821,0.302,0.574,0.001,Sinus Tachycardia; Ventricular Run
3B8D_w0175,1783.0,1793.0,run,4.65,0.008,0.099,0.442,0.808,0.324,0.501,0.002,Sinus Tachycardia; Ventricular Run
3B8D_w0176,1793.0,1803.0,run,4.67,0.005,0.086,0.514,0.765,0.288,0.557,0.002,Atrial Fibrillation(suppressed); Sinus Tachycardia; Ventricular Run
3B8D_w0177,1803.0,1813.0,run,4.49,0.007,0.103,0.403,0.514,0.226,0.56,0.003,Sinus Tachycardia; Ventricular Run
3B8D_w0178,1813.0,1823.0,run,4.57,0.006,0.076,0.545,0.937,0.324,0.566,0.001,Atrial Fibrillation(suppressed); Sinus Tachycardia; Ventricular Run
3B8D_w0179,1823.0,1833.0,run,4.72,0.009,0.08,0.479,0.868,0.329,0.537,0.001,Sinus Tachycardia; Ventricular Run
3B8D_w0180,1833.0,1843.0,run,4.69,0.005,0.049,0.53,0.923,0.357,0.705,0.001,Atrial Fibrillation(suppressed); Sinus Tachycardia; Ventricular Run
3B8D_w0181,1843.0,1853.0,run,4.7,0.007,0.076,0.683,0.887,0.341,0.616,0.003,Atrial Fibrillation(suppressed); Sinus Tachycardia; Ventricular Run
3B8D_w0182,1853.0,1863.0,run,4.54,0.012,0.092,0.245,0.765,0.241,0.512,0.002,Sinus Tachycardia; Ventricular Run
3B8D_w0183,1863.0,1873.0,run,4.71,0.005,0.091,0.283,0.853,0.463,0.724,0.002,Sinus Tachycardia; Ventricular Run
3B8D_w0184,1873.0,1883.0,run,4.44,0.007,0.114,0.395,0.621,0.235,0.48,0.002,Sinus Tachycardia
3B8D_w0185,1883.0,1893.0,run,3.74,0.003,0.077,0.537,0.955,0.394,0.769,0.002,Atrial Fibrillation(suppressed); Sinus Tachycardia; Ventricular Run
3B8D_w0186,1893.0,1903.0,run,2.69,0.009,0.084,0.402,0.978,0.351,0.512,0.001,Sinus Tachycardia; Ventricular Run
3B8D_w0187,1903.0,1913.0,run,4.71,0.004,0.098,0.521,0.954,0.291,0.578,0.003,Atrial Fibrillation(suppressed); Sinus Tachycardia; Ventricular Run
3B8D_w0188,1913.0,1923.0,run,4.56,0.002,0.116,0.521,0.93,0.363,0.737,0.003,Atrial Fibrillation(suppressed); Sinus Tachycardia; Ventricular Run
3B8D_w0189,1923.0,1933.0,run,4.63,0.004,0.105,0.609,0.95,0.381,0.637,0.002,Atrial Fibrillation(suppressed); Sinus Tachycardia; Ventricular Run
3B8D_w0190,1933.0,1943.0,run,2.85,0.0,0.003,0.967,0.152,0.023,0.108,0.0,Atrial Fibrillation(suppressed)
3B8D_w0191,1943.0,1953.0,run,0.42,0.472,0.271,0.18,0.325,0.029,0.038,0.009,-
3B8D_w0192,1953.0,1963.0,run,0.42,0.472,0.271,0.18,0.325,0.029,0.038,0.009,-
3B8D_w0193,1963.0,1973.0,run,0.42,0.472,0.271,0.18,0.325,0.029,0.038,0.009,-
3B8D_w0194,1973.0,1983.0,run,0.42,0.472,0.271,0.18,0.325,0.029,0.038,0.009,-
3B8D_w0195,1983.0,1993.0,run,2.23,0.012,0.114,0.889,0.632,0.119,0.149,0.004,Atrial Fibrillation(suppressed); Sinus Tachycardia
3B8D_w0196,1993.0,2003.0,run,4.12,0.01,0.121,0.536,0.932,0.23,0.437,0.002,Atrial Fibrillation(suppressed); Sinus Tachycardia
3B8D_w0197,2003.0,2013.0,run,4.91,0.008,0.182,0.913,0.601,0.089,0.293,0.004,Atrial Fibrillation(suppressed); Sinus Tachycardia
3B8D_w0198,2013.0,2023.0,run,4.9,0.005,0.212,0.662,0.8,0.16,0.351,0.004,Atrial Fibrillation(suppressed); Sinus Tachycardia
3B8D_w0199,2023.0,2033.0,run,4.53,0.006,0.128,0.545,0.921,0.333,0.682,0.004,Atrial Fibrillation(suppressed); Sinus Tachycardia; Ventricular Run
3B8D_w0200,2033.0,2043.0,run,4.79,0.007,0.118,0.409,0.928,0.221,0.541,0.003,Sinus Tachycardia; Ventricular Run
3B8D_w0201,2043.0,2053.0,run,4.78,0.004,0.098,0.628,0.94,0.335,0.608,0.002,Atrial Fibrillation(suppressed); Sinus Tachycardia; Ventricular Run
3B8D_w0202,2053.0,2063.0,run,5.19,0.013,0.151,0.595,0.864,0.186,0.356,0.006,Atrial Fibrillation(suppressed); Sinus Tachycardia
3B8D_w0203,2063.0,2073.0,run,4.84,0.006,0.086,0.5,0.928,0.313,0.618,0.003,Sinus Tachycardia; Ventricular Run
3B8D_w0204,2073.0,2083.0,run,4.97,0.006,0.117,0.77,0.721,0.107,0.19,0.004,Atrial Fibrillation(suppressed); Sinus Tachycardia
3B8D_w0205,2083.0,2093.0,run,4.99,0.004,0.119,0.693,0.839,0.236,0.417,0.004,Atrial Fibrillation(suppressed); Sinus Tachycardia
3B8D_w0206,2093.0,2103.0,run,4.78,0.002,0.098,0.615,0.956,0.239,0.44,0.002,Atrial Fibrillation(suppressed); Sinus Tachycardia
3B8D_w0207,2103.0,2113.0,run,4.87,0.004,0.096,0.651,0.866,0.223,0.39,0.003,Atrial Fibrillation(suppressed); Sinus Tachycardia
3B8D_w0208,2113.0,2123.0,run,4.85,0.003,0.105,0.888,0.717,0.113,0.226,0.003,Atrial Fibrillation(suppressed); Sinus Tachycardia
3B8D_w0209,2123.0,2133.0,run,4.81,0.005,0.081,0.889,0.682,0.067,0.155,0.004,Atrial Fibrillation(suppressed); Sinus Tachycardia
3B8D_w0210,2133.0,2143.0,run,4.67,0.003,0.133,0.621,0.779,0.148,0.29,0.003,Atrial Fibrillation(suppressed); Sinus Tachycardia
3B8D_w0211,2143.0,2153.0,run,4.86,0.002,0.084,0.818,0.76,0.164,0.266,0.006,Atrial Fibrillation(suppressed); Sinus Tachycardia
3B8D_w0212,2153.0,2163.0,run,4.74,0.004,0.09,0.636,0.515,0.064,0.131,0.008,Atrial Fibrillation(suppressed); Sinus Tachycardia
3B8D_w0213,2163.0,2173.0,run,4.77,0.003,0.102,0.59,0.843,0.22,0.4,0.003,Atrial Fibrillation(suppressed); Sinus Tachycardia
3B8D_w0214,2173.0,2183.0,run,5.01,0.001,0.069,0.716,0.951,0.266,0.335,0.002,Atrial Fibrillation(suppressed); Sinus Tachycardia
3B8D_w0215,2183.0,2193.0,run,4.87,0.002,0.06,0.716,0.935,0.233,0.375,0.008,Atrial Fibrillation(suppressed); Sinus Tachycardia
3B8D_w0216,2193.0,2203.0,run,4.89,0.007,0.1,0.605,0.712,0.088,0.132,0.006,Atrial Fibrillation(suppressed); Sinus Tachycardia
3B8D_w0217,2203.0,2213.0,run,4.99,0.005,0.122,0.64,0.593,0.045,0.101,0.006,Atrial Fibrillation(suppressed); Sinus Tachycardia
3B8D_w0218,2213.0,2223.0,run,4.93,0.004,0.153,0.856,0.759,0.08,0.12,0.013,Atrial Fibrillation(suppressed); Sinus Tachycardia
3B8D_w0219,2223.0,2233.0,run,4.78,0.004,0.141,0.793,0.834,0.15,0.222,0.009,Atrial Fibrillation(suppressed); Sinus Tachycardia
3B8D_w0220,2233.0,2243.0,run,5.01,0.002,0.14,0.963,0.688,0.115,0.193,0.009,Atrial Fibrillation(suppressed); Sinus Tachycardia
3B8D_w0221,2243.0,2253.0,run,4.98,0.006,0.181,0.69,0.594,0.041,0.177,0.009,Atrial Fibrillation(suppressed); Sinus Tachycardia
3B8D_w0222,2253.0,2263.0,run,4.85,0.006,0.116,0.626,0.86,0.087,0.202,0.007,Atrial Fibrillation(suppressed); Sinus Tachycardia
3B8D_w0223,2263.0,2273.0,run,4.59,0.001,0.054,0.73,0.92,0.259,0.412,0.004,Atrial Fibrillation(suppressed); Sinus Tachycardia
3B8D_w0224,2273.0,2283.0,run,4.91,0.007,0.133,0.529,0.776,0.126,0.269,0.006,Atrial Fibrillation(suppressed); Sinus Tachycardia
3B8D_w0225,2283.0,2293.0,run,4.95,0.001,0.086,0.779,0.912,0.315,0.539,0.004,Atrial Fibrillation(suppressed); Sinus Tachycardia; Ventricular Run
3B8D_w0226,2293.0,2303.0,run,4.85,0.004,0.137,0.855,0.767,0.102,0.24,0.012,Atrial Fibrillation(suppressed); Sinus Tachycardia
3B8D_w0227,2303.0,2313.0,run,5.06,0.002,0.1,0.657,0.744,0.116,0.271,0.007,Atrial Fibrillation(suppressed); Sinus Tachycardia
3B8D_w0228,2313.0,2323.0,run,5.18,0.008,0.114,0.687,0.862,0.207,0.363,0.013,Atrial Fibrillation(suppressed); Sinus Tachycardia
3B8D_w0229,2323.0,2333.0,run,5.05,0.003,0.128,0.802,0.769,0.113,0.299,0.004,Atrial Fibrillation(suppressed); Sinus Tachycardia
3B8D_w0230,2333.0,2343.0,run,5.16,0.003,0.121,0.797,0.869,0.155,0.29,0.004,Atrial Fibrillation(suppressed); Sinus Tachycardia
3B8D_w0231,2343.0,2353.0,run,5.01,0.006,0.09,0.719,0.744,0.154,0.347,0.005,Atrial Fibrillation(suppressed); Sinus Tachycardia
3B8D_w0232,2353.0,2363.0,run,4.88,0.004,0.105,0.728,0.679,0.149,0.284,0.004,Atrial Fibrillation(suppressed); Sinus Tachycardia
3B8D_w0233,2363.0,2373.0,run,4.97,0.001,0.08,0.679,0.948,0.235,0.55,0.002,Atrial Fibrillation(suppressed); Sinus Tachycardia; Ventricular Run
3B8D_w0234,2373.0,2383.0,run,5.04,0.002,0.111,0.705,0.93,0.335,0.538,0.005,Atrial Fibrillation(suppressed); Sinus Tachycardia; Ventricular Run
3B8D_w0235,2383.0,2393.0,run,5.11,0.003,0.105,0.701,0.853,0.16,0.335,0.006,Atrial Fibrillation(suppressed); Sinus Tachycardia
3B8D_w0236,2393.0,2403.0,run,5.23,0.002,0.092,0.639,0.956,0.237,0.382,0.002,Atrial Fibrillation(suppressed); Sinus Tachycardia
3B8D_w0237,2403.0,2413.0,run,5.03,0.003,0.102,0.667,0.909,0.269,0.461,0.003,Atrial Fibrillation(suppressed); Sinus Tachycardia
3B8D_w0238,2413.0,2423.0,run,5.19,0.003,0.076,0.742,0.791,0.202,0.284,0.006,Atrial Fibrillation(suppressed); Sinus Tachycardia
3B8D_w0239,2423.0,2433.0,run,5.11,0.005,0.077,0.597,0.936,0.288,0.493,0.004,Atrial Fibrillation(suppressed); Sinus Tachycardia
3B8D_w0240,2433.0,2443.0,run,5.11,0.003,0.057,0.637,0.917,0.293,0.533,0.002,Atrial Fibrillation(suppressed); Sinus Tachycardia; Ventricular Run
3B8D_w0241,2443.0,2453.0,run,5.02,0.004,0.085,0.739,0.801,0.171,0.296,0.005,Atrial Fibrillation(suppressed); Sinus Tachycardia
3B8D_w0242,2453.0,2463.0,run,5.03,0.003,0.095,0.681,0.889,0.276,0.472,0.004,Atrial Fibrillation(suppressed); Sinus Tachycardia
3B8D_w0243,2463.0,2473.0,run,5.25,0.003,0.071,0.497,0.987,0.422,0.684,0.001,Sinus Tachycardia; Ventricular Run
3B8D_w0244,2473.0,2483.0,run,5.11,0.003,0.095,0.624,0.878,0.209,0.421,0.004,Atrial Fibrillation(suppressed); Sinus Tachycardia
3B8D_w0245,2483.0,2493.0,run,5.05,0.002,0.08,0.736,0.963,0.296,0.523,0.002,Atrial Fibrillation(suppressed); Sinus Tachycardia; Ventricular Run
3B8D_w0246,2493.0,2503.0,run,5.08,0.005,0.064,0.595,0.951,0.272,0.548,0.002,Atrial Fibrillation(suppressed); Sinus Tachycardia; Ventricular Run
3B8D_w0247,2503.0,2513.0,run,5.12,0.005,0.09,0.676,0.903,0.274,0.466,0.006,Atrial Fibrillation(suppressed); Sinus Tachycardia
3B8D_w0248,2513.0,2523.0,run,5.17,0.005,0.095,0.571,0.874,0.268,0.504,0.002,Atrial Fibrillation(suppressed); Sinus Tachycardia; Ventricular Run
3B8D_w0249,2523.0,2533.0,run,5.18,0.002,0.094,0.756,0.87,0.127,0.288,0.006,Atrial Fibrillation(suppressed); Sinus Tachycardia
3B8D_w0250,2533.0,2543.0,run,5.32,0.002,0.061,0.667,0.982,0.358,0.622,0.002,Atrial Fibrillation(suppressed); Sinus Tachycardia; Ventricular Run
3B8D_w0251,2543.0,2553.0,run,5.53,0.009,0.097,0.473,0.753,0.15,0.266,0.003,Sinus Tachycardia
3B8D_w0252,2553.0,2563.0,run,5.08,0.005,0.086,0.734,0.875,0.27,0.444,0.006,Atrial Fibrillation(suppressed); Sinus Tachycardia
3B8D_w0253,2563.0,2573.0,run,5.15,0.002,0.047,0.723,0.943,0.32,0.452,0.004,Atrial Fibrillation(suppressed); Sinus Tachycardia
3B8D_w0254,2573.0,2583.0,run,5.17,0.009,0.081,0.604,0.76,0.153,0.345,0.003,Atrial Fibrillation(suppressed); Sinus Tachycardia
3B8D_w0255,2583.0,2593.0,run,4.94,0.001,0.072,0.7,0.979,0.447,0.713,0.003,Atrial Fibrillation(suppressed); Sinus Tachycardia; Ventricular Run
3B8D_w0256,2593.0,2603.0,run,5.12,0.003,0.086,0.741,0.792,0.197,0.302,0.005,Atrial Fibrillation(suppressed); Sinus Tachycardia
3B8D_w0257,2603.0,2613.0,run,5.52,0.003,0.089,0.614,0.971,0.389,0.616,0.002,Atrial Fibrillation(suppressed); Sinus Tachycardia; Ventricular Run
3B8D_w0258,2613.0,2623.0,run,5.03,0.004,0.082,0.87,0.861,0.129,0.311,0.006,Atrial Fibrillation(suppressed); Sinus Tachycardia
3B8D_w0259,2623.0,2633.0,run,5.2,0.005,0.08,0.765,0.799,0.22,0.331,0.01,Atrial Fibrillation(suppressed); Sinus Tachycardia
3B8D_w0260,2633.0,2643.0,run,5.14,0.001,0.059,0.537,0.987,0.409,0.747,0.002,Atrial Fibrillation(suppressed); Sinus Tachycardia; Ventricular Run
3B8D_w0261,2643.0,2653.0,run,5.26,0.003,0.114,0.785,0.809,0.13,0.37,0.006,Atrial Fibrillation(suppressed); Sinus Tachycardia
3B8D_w0262,2653.0,2663.0,run,5.41,0.005,0.065,0.68,0.946,0.262,0.429,0.006,Atrial Fibrillation(suppressed); Sinus Tachycardia
3B8D_w0263,2663.0,2673.0,run,5.33,0.002,0.064,0.645,0.98,0.344,0.681,0.002,Atrial Fibrillation(suppressed); Sinus Tachycardia; Ventricular Run
3B8D_w0264,2673.0,2683.0,run,5.34,0.002,0.06,0.524,0.986,0.404,0.637,0.003,Atrial Fibrillation(suppressed); Sinus Tachycardia; Ventricular Run
3B8D_w0265,2683.0,2693.0,run,5.37,0.004,0.092,0.746,0.93,0.293,0.491,0.009,Atrial Fibrillation(suppressed); Sinus Tachycardia
3B8D_w0266,2693.0,2703.0,run,5.4,0.004,0.078,0.57,0.92,0.325,0.592,0.003,Atrial Fibrillation(suppressed); Sinus Tachycardia; Ventricular Run
3B8D_w0267,2703.0,2713.0,run,5.41,0.006,0.064,0.732,0.88,0.151,0.29,0.004,Atrial Fibrillation(suppressed); Sinus Tachycardia
3B8D_w0268,2713.0,2723.0,run,5.57,0.002,0.049,0.627,0.987,0.394,0.612,0.002,Atrial Fibrillation(suppressed); Sinus Tachycardia; Ventricular Run
3B8D_w0269,2723.0,2733.0,run,5.26,0.005,0.09,0.72,0.932,0.251,0.536,0.007,Atrial Fibrillation(suppressed); Sinus Tachycardia; Ventricular Run
3B8D_w0270,2733.0,2743.0,run,1.59,0.0,0.034,0.068,0.535,0.017,0.059,0.0,Sinus Tachycardia
3B8D_w0271,2743.0,2753.0,run,0.42,0.472,0.271,0.18,0.325,0.029,0.038,0.009,-
3B8D_w0272,2753.0,2763.0,run,4.45,0.01,0.085,0.5,0.376,0.097,0.266,0.004,-
3B8D_w0273,2763.0,2773.0,run,4.89,0.006,0.05,0.608,0.812,0.099,0.216,0.003,Atrial Fibrillation(suppressed); Sinus Tachycardia
3B8D_w0274,2773.0,2783.0,run,5.23,0.002,0.074,0.627,0.968,0.39,0.585,0.003,Atrial Fibrillation(suppressed); Sinus Tachycardia; Ventricular Run
3B8D_w0275,2783.0,2793.0,run,5.22,0.004,0.081,0.529,0.846,0.277,0.433,0.002,Atrial Fibrillation(suppressed); Sinus Tachycardia
3B8D_w0276,2793.0,2803.0,run,5.29,0.002,0.071,0.702,0.93,0.344,0.56,0.003,Atrial Fibrillation(suppressed); Sinus Tachycardia; Ventricular Run
3B8D_w0277,2803.0,2813.0,run,4.82,0.003,0.059,0.548,0.965,0.223,0.439,0.002,Atrial Fibrillation(suppressed); Sinus Tachycardia
3B8D_w0278,2813.0,2823.0,run,4.82,0.003,0.089,0.761,0.895,0.262,0.403,0.007,Atrial Fibrillation(suppressed); Sinus Tachycardia
3B8D_w0279,2823.0,2833.0,run,4.96,0.001,0.044,0.644,0.984,0.361,0.543,0.001,Atrial Fibrillation(suppressed); Sinus Tachycardia; Ventricular Run
3B8D_w0280,2833.0,2843.0,run,4.75,0.003,0.044,0.395,0.99,0.28,0.555,0.002,Sinus Tachycardia; Ventricular Run
3B8D_w0281,2843.0,2853.0,run,4.75,0.003,0.083,0.783,0.823,0.173,0.259,0.005,Atrial Fibrillation(suppressed); Sinus Tachycardia
3B8D_w0282,2853.0,2863.0,run,4.82,0.001,0.074,0.668,0.955,0.296,0.513,0.007,Atrial Fibrillation(suppressed); Sinus Tachycardia; Ventricular Run
3B8D_w0283,2863.0,2873.0,run,4.72,0.004,0.086,0.704,0.923,0.455,0.6,0.005,Atrial Fibrillation(suppressed); Sinus Tachycardia; Ventricular Run
3B8D_w0284,2873.0,2883.0,run,4.91,0.002,0.104,0.665,0.891,0.244,0.391,0.004,Atrial Fibrillation(suppressed); Sinus Tachycardia
3B8D_w0285,2883.0,2893.0,run,4.97,0.003,0.067,0.587,0.938,0.32,0.445,0.002,Atrial Fibrillation(suppressed); Sinus Tachycardia
3B8D_w0286,2893.0,2903.0,run,4.86,0.002,0.065,0.583,0.975,0.47,0.69,0.003,Atrial Fibrillation(suppressed); Sinus Tachycardia; Ventricular Run
3B8D_w0287,2903.0,2913.0,run,4.93,0.004,0.105,0.778,0.892,0.228,0.366,0.006,Atrial Fibrillation(suppressed); Sinus Tachycardia
3B8D_w0288,2913.0,2923.0,run,5.14,0.004,0.062,0.583,0.866,0.135,0.2,0.005,Atrial Fibrillation(suppressed); Sinus Tachycardia
3B8D_w0289,2923.0,2933.0,run,4.95,0.002,0.129,0.653,0.932,0.38,0.556,0.002,Atrial Fibrillation(suppressed); Sinus Tachycardia; Ventricular Run
3B8D_w0290,2933.0,2943.0,run,4.84,0.005,0.077,0.41,0.914,0.281,0.412,0.002,Sinus Tachycardia
3B8D_w0291,2943.0,2953.0,run,5.07,0.001,0.1,0.781,0.848,0.308,0.495,0.008,Atrial Fibrillation(suppressed); Sinus Tachycardia
3B8D_w0292,2953.0,2963.0,run,4.79,0.001,0.035,0.61,0.985,0.376,0.572,0.002,Atrial Fibrillation(suppressed); Sinus Tachycardia; Ventricular Run
3B8D_w0293,2963.0,2973.0,run,5.05,0.002,0.041,0.359,0.991,0.39,0.55,0.002,Sinus Tachycardia; Ventricular Run
3B8D_w0294,2973.0,2983.0,run,4.68,0.012,0.117,0.625,0.904,0.215,0.373,0.004,Atrial Fibrillation(suppressed); Sinus Tachycardia
3B8D_w0295,2983.0,2993.0,run,5.49,0.003,0.114,0.719,0.809,0.263,0.415,0.009,Atrial Fibrillation(suppressed); Sinus Tachycardia
3B8D_w0296,2993.0,3003.0,run,4.97,0.001,0.069,0.562,0.98,0.439,0.68,0.002,Atrial Fibrillation(suppressed); Sinus Tachycardia; Ventricular Run
3B8D_w0297,3003.0,3013.0,run,4.96,0.001,0.081,0.532,0.953,0.583,0.762,0.003,Atrial Fibrillation(suppressed); Sinus Tachycardia; Supraventricular Run; Ventricular Run
3B8D_w0298,3013.0,3023.0,run,5.02,0.001,0.064,0.687,0.959,0.64,0.81,0.003,Atrial Fibrillation(suppressed); Sinus Tachycardia; Supraventricular Run; Ventricular Run
3B8D_w0299,3023.0,3033.0,run,5.21,0.001,0.08,0.62,0.941,0.521,0.69,0.005,Atrial Fibrillation(suppressed); Sinus Tachycardia; Supraventricular Run; Ventricular Run
3B8D_w0300,3033.0,3043.0,run,5.06,0.001,0.052,0.682,0.975,0.277,0.512,0.002,Atrial Fibrillation(suppressed); Sinus Tachycardia; Ventricular Run
3B8D_w0301,3043.0,3053.0,run,4.9,0.003,0.034,0.618,0.981,0.384,0.503,0.002,Atrial Fibrillation(suppressed); Sinus Tachycardia; Ventricular Run
3B8D_w0302,3053.0,3063.0,run,4.92,0.006,0.113,0.613,0.649,0.214,0.346,0.002,Atrial Fibrillation(suppressed); Sinus Tachycardia
3B8D_w0303,3063.0,3073.0,run,5.39,0.001,0.076,0.563,0.974,0.509,0.741,0.002,Atrial Fibrillation(suppressed); Sinus Tachycardia; Supraventricular Run; Ventricular Run
3B8D_w0304,3073.0,3083.0,run,4.91,0.001,0.076,0.522,0.972,0.39,0.638,0.003,Atrial Fibrillation(suppressed); Sinus Tachycardia; Ventricular Run
3B8D_w0305,3083.0,3093.0,run,5.11,0.001,0.087,0.523,0.97,0.461,0.611,0.002,Atrial Fibrillation(suppressed); Sinus Tachycardia; Ventricular Run
3B8D_w0306,3093.0,3103.0,run,5.1,0.002,0.113,0.804,0.892,0.308,0.518,0.003,Atrial Fibrillation(suppressed); Sinus Tachycardia; Ventricular Run
3B8D_w0307,3103.0,3113.0,run,4.7,0.002,0.12,0.72,0.911,0.214,0.404,0.003,Atrial Fibrillation(suppressed); Sinus Tachycardia
3B8D_w0308,3113.0,3123.0,run,4.69,0.004,0.066,0.733,0.911,0.47,0.592,0.003,Atrial Fibrillation(suppressed); Sinus Tachycardia; Ventricular Run
3B8D_w0309,3123.0,3133.0,run,4.49,0.002,0.052,0.595,0.987,0.407,0.638,0.002,Atrial Fibrillation(suppressed); Sinus Tachycardia; Ventricular Run
3B8D_w0310,3133.0,3143.0,run,4.33,0.004,0.049,0.513,0.966,0.402,0.581,0.001,Atrial Fibrillation(suppressed); Sinus Tachycardia; Ventricular Run
3B8D_w0311,3143.0,3153.0,run,4.3,0.007,0.106,0.72,0.785,0.179,0.242,0.004,Atrial Fibrillation(suppressed); Sinus Tachycardia
3B8D_w0312,3153.0,3163.0,run,4.44,0.004,0.059,0.718,0.921,0.335,0.448,0.003,Atrial Fibrillation(suppressed); Sinus Tachycardia
3B8D_w0313,3163.0,3173.0,run,2.68,0.002,0.055,0.662,0.982,0.439,0.578,0.003,Atrial Fibrillation(suppressed); Sinus Tachycardia; Ventricular Run
3B8D_w0314,3173.0,3183.0,walk_after,0.89,0.003,0.04,0.151,0.979,0.639,0.6,0.001,Sinus Tachycardia; Supraventricular Run; Ventricular Run
3B8D_w0315,3183.0,3193.0,walk_after,0.98,0.008,0.044,0.597,0.959,0.394,0.371,0.003,Atrial Fibrillation; Sinus Tachycardia
3B8D_w0316,3193.0,3203.0,walk_after,0.92,0.004,0.068,0.829,0.876,0.322,0.319,0.008,Atrial Fibrillation; Sinus Tachycardia
3B8D_w0317,3203.0,3213.0,walk_after,0.98,0.003,0.047,0.814,0.966,0.348,0.271,0.003,Atrial Fibrillation; Sinus Tachycardia
3B8D_w0318,3213.0,3223.0,walk_after,1.04,0.003,0.046,0.656,0.965,0.429,0.471,0.002,Atrial Fibrillation(suppressed); Sinus Tachycardia
3B8D_w0319,3223.0,3233.0,walk_after,0.98,0.034,0.068,0.428,0.951,0.235,0.2,0.005,Sinus Tachycardia
3B8D_w0320,3233.0,3243.0,walk_after,0.94,0.015,0.063,0.604,0.923,0.231,0.295,0.005,Atrial Fibrillation; Sinus Tachycardia
3B8D_w0321,3243.0,3253.0,walk_after,0.84,0.004,0.109,0.844,0.79,0.136,0.161,0.007,Atrial Fibrillation; Sinus Tachycardia
3B8D_w0322,3253.0,3263.0,walk_after,1.03,0.006,0.081,0.623,0.941,0.24,0.307,0.003,Atrial Fibrillation(suppressed); Sinus Tachycardia
3B8D_w0323,3263.0,3273.0,walk_after,0.79,0.009,0.085,0.854,0.817,0.117,0.128,0.004,Atrial Fibrillation; Sinus Tachycardia
3B8D_w0324,3273.0,3283.0,walk_after,0.83,0.005,0.167,0.928,0.585,0.076,0.082,0.011,Atrial Fibrillation; Sinus Tachycardia
3B8D_w0325,3283.0,3293.0,walk_after,0.85,0.005,0.067,0.485,0.987,0.386,0.42,0.002,Sinus Tachycardia
3B8D_w0326,3293.0,3303.0,walk_after,0.87,0.004,0.116,0.899,0.333,0.092,0.11,0.015,Atrial Fibrillation
3B8D_w0327,3303.0,3313.0,walk_after,1.01,0.003,0.098,0.942,0.74,0.089,0.148,0.005,Atrial Fibrillation(suppressed); Sinus Tachycardia
3B8D_w0328,3313.0,3323.0,walk_after,0.91,0.004,0.095,0.846,0.803,0.074,0.079,0.007,Atrial Fibrillation; Sinus Tachycardia
3B8D_w0329,3323.0,3333.0,walk_after,0.82,0.006,0.124,0.768,0.821,0.134,0.206,0.016,Atrial Fibrillation; Sinus Tachycardia
3B8D_w0330,3333.0,3343.0,walk_after,0.83,0.009,0.082,0.507,0.969,0.234,0.309,0.003,Atrial Fibrillation; Sinus Tachycardia
3B8D_w0331,3343.0,3353.0,walk_after,0.84,0.003,0.117,0.931,0.404,0.066,0.089,0.011,Atrial Fibrillation
3B8D_w0332,3353.0,3363.0,walk_after,0.88,0.005,0.095,0.895,0.881,0.138,0.19,0.006,Atrial Fibrillation; Sinus Tachycardia
3B8D_w0333,3363.0,3373.0,walk_after,0.84,0.005,0.084,0.892,0.858,0.134,0.222,0.008,Atrial Fibrillation; Sinus Tachycardia
3B8D_w0334,3373.0,3383.0,walk_after,1.05,0.007,0.1,0.374,0.983,0.408,0.512,0.002,Sinus Tachycardia; Ventricular Run
3B8D_w0335,3383.0,3393.0,walk_after,0.81,0.012,0.044,0.128,0.971,0.359,0.356,0.001,Sinus Tachycardia
3B8D_w0336,3393.0,3403.0,walk_after,0.77,0.025,0.033,0.114,0.961,0.197,0.164,0.002,Sinus Tachycardia
3B8D_w0337,3403.0,3413.0,walk_after,0.92,0.009,0.054,0.133,0.977,0.216,0.273,0.001,Sinus Tachycardia
3B8D_w0338,3413.0,3423.0,walk_after,0.86,0.016,0.027,0.128,0.986,0.088,0.078,0.002,Sinus Tachycardia
3B8D_w0339,3423.0,3433.0,walk_after,0.77,0.015,0.031,0.116,0.989,0.077,0.08,0.001,Sinus Tachycardia
3B8D_w0340,3433.0,3443.0,walk_after,0.82,0.017,0.035,0.093,0.99,0.099,0.081,0.001,Sinus Tachycardia
3B8D_w0341,3443.0,3453.0,walk_after,0.75,0.009,0.045,0.143,0.98,0.11,0.102,0.001,Sinus Tachycardia
3B8D_w0342,3453.0,3463.0,walk_after,0.72,0.016,0.054,0.098,0.976,0.079,0.057,0.002,Sinus Tachycardia
3B8D_w0343,3463.0,3473.0,walk_after,0.75,0.015,0.038,0.105,0.984,0.124,0.105,0.001,Sinus Tachycardia
3B8D_w0344,3473.0,3483.0,walk_after,0.74,0.011,0.056,0.169,0.961,0.226,0.286,0.002,Sinus Tachycardia
3B8D_w0345,3483.0,3493.0,walk_after,0.69,0.015,0.047,0.153,0.963,0.228,0.231,0.001,Sinus Tachycardia
3B8D_w0346,3493.0,3500.0,walk_after,0.87,0.01,0.023,0.163,0.982,0.164,0.129,0.001,Sinus Tachycardia
