thr,sens,spec,ppv,f1,youden,tp,fp
0.0,1.0,0.0,0.140893470790378,0.2469879518072289,0.0,82,500
0.0006750858156010509,1.0,0.0,0.140893470790378,0.2469879518072289,0.0,82,500
0.0007968111312948167,1.0,0.002,0.14113597246127366,0.2473604826546003,0.0020000000000000018,82,499
0.0008915310027077794,1.0,0.004,0.1413793103448276,0.24773413897280966,0.0040000000000000036,82,498
0.0013537767808884382,1.0,0.006,0.14162348877374784,0.2481089258698941,0.006000000000000005,82,497
0.0013830482494086027,1.0,0.008,0.14186851211072665,0.24848484848484848,0.008000000000000007,82,496
0.0013903062790632248,1.0,0.01,0.14211438474870017,0.2488619119878604,0.010000000000000009,82,495
0.0015111269894987345,1.0,0.012,0.1423611111111111,0.24924012158054712,0.01200000000000001,82,494
0.0016399393789470196,1.0,0.014,0.1426086956521739,0.2496194824961948,0.014000000000000012,82,493
0.0016862647607922554,1.0,0.016,0.14285714285714285,0.25,0.016000000000000014,82,492
0.0017300333129242063,1.0,0.018,0.1431064572425829,0.250381679389313,0.018000000000000016,82,491
0.0017627704655751586,1.0,0.02,0.14335664335664336,0.25076452599388377,0.020000000000000018,82,490
0.0018944055773317814,1.0,0.022,0.1436077057793345,0.25114854517611024,0.02200000000000002,82,489
0.0019504822557792068,1.0,0.024,0.14385964912280702,0.25153374233128833,0.02400000000000002,82,488
0.0019905553199350834,1.0,0.026,0.14411247803163443,0.2519201228878648,0.026000000000000023,82,487
0.001990953227505088,1.0,0.028,0.1443661971830986,0.2523076923076923,0.028000000000000025,82,486
0.0019989698193967342,1.0,0.03,0.14462081128747795,0.2526964560862866,0.030000000000000027,82,485
0.002003471367061138,1.0,0.032,0.14487632508833923,0.25308641975308643,0.03200000000000003,82,484
0.002009287243708968,1.0,0.034,0.14513274336283186,0.2534775888717156,0.03400000000000003,82,483
0.002030846895650029,1.0,0.036,0.1453900709219858,0.25386996904024767,0.03600000000000003,82,482
0.0020607488695532084,1.0,0.038,0.14564831261101244,0.25426356589147286,0.038000000000000034,82,481
0.0021150701213628054,1.0,0.04,0.14590747330960854,0.2546583850931677,0.040000000000000036,82,480
0.002125632483512163,1.0,0.042,0.14616755793226383,0.25505443234836706,0.04200000000000004,82,479
0.0021414754446595907,1.0,0.044,0.14642857142857144,0.2554517133956386,0.04400000000000004,82,478
0.0021595817524939775,1.0,0.046,0.14669051878354203,0.25585023400936036,0.04600000000000004,82,477
0.002161836251616478,1.0,0.048,0.14695340501792115,0.25625,0.04800000000000004,82,476
0.0021873812656849623,1.0,0.05,0.14721723518850988,0.2566510172143975,0.050000000000000044,82,475
0.002195264445617795,1.0,0.052,0.1474820143884892,0.25705329153605017,0.052000000000000046,82,474
0.0022140531800687313,1.0,0.054,0.14774774774774774,0.25745682888540034,0.05400000000000005,82,473
0.0022290556225925684,1.0,0.056,0.148014440433213,0.2578616352201258,0.05600000000000005,82,472
0.0022629962768405676,1.0,0.058,0.14828209764918626,0.25826771653543307,0.05800000000000005,82,471
0.002266697585582733,1.0,0.06,0.14855072463768115,0.2586750788643533,0.06000000000000005,82,470
0.0022723725996911526,1.0,0.062,0.14882032667876588,0.25908372827804105,0.062000000000000055,82,469
0.0022890169639140368,1.0,0.064,0.14909090909090908,0.25949367088607594,0.06400000000000006,82,468
0.0023033395409584045,1.0,0.066,0.1493624772313297,0.25990491283676703,0.06600000000000006,82,467
0.002328711561858654,1.0,0.068,0.14963503649635038,0.26031746031746034,0.06800000000000006,82,466
0.00235187541693449,1.0,0.07,0.14990859232175502,0.26073131955484896,0.07000000000000006,82,465
0.002380055608227849,1.0,0.072,0.15018315018315018,0.2611464968152866,0.07200000000000006,82,464
0.0023899783845990896,1.0,0.074,0.15045871559633028,0.26156299840510366,0.07400000000000007,82,463
0.0023934312630444765,1.0,0.076,0.15073529411764705,0.26198083067092653,0.07600000000000007,82,462
0.002397628268226981,1.0,0.078,0.15101289134438306,0.2624,0.07800000000000007,82,461
0.002398286247625947,1.0,0.08,0.15129151291512916,0.26282051282051283,0.08000000000000007,82,460
0.002402687445282936,1.0,0.082,0.15157116451016636,0.26324237560192615,0.08200000000000007,82,459
0.0024072565138339996,1.0,0.084,0.15185185185185185,0.26366559485530544,0.08400000000000007,82,458
0.0024252543225884438,1.0,0.086,0.15213358070500926,0.2640901771336554,0.08600000000000008,82,457
0.0024493669625371695,1.0,0.088,0.1524163568773234,0.2645161290322581,0.08800000000000008,82,456
0.002457688096910715,1.0,0.09,0.1527001862197393,0.2649434571890145,0.09000000000000008,82,455
0.0024603232741355896,1.0,0.092,0.15298507462686567,0.26537216828478966,0.09200000000000008,82,454
0.00247477856464684,1.0,0.094,0.15327102803738318,0.26580226904376014,0.09400000000000008,82,453
0.0024762519169598818,1.0,0.096,0.15355805243445692,0.2662337662337662,0.09600000000000009,82,452
0.0024818398524075747,1.0,0.098,0.15384615384615385,0.26666666666666666,0.09800000000000009,82,451
0.0024849262554198503,1.0,0.1,0.15413533834586465,0.2671009771986971,0.10000000000000009,82,450
0.0024962183088064194,1.0,0.102,0.1544256120527307,0.26753670473083196,0.10200000000000009,82,449
0.0025111217983067036,1.0,0.104,0.15471698113207547,0.2679738562091503,0.10400000000000009,82,448
0.0025529805570840836,1.0,0.106,0.15500945179584122,0.2684124386252046,0.1060000000000001,82,447
0.0025544320233166218,1.0,0.108,0.1553030303030303,0.26885245901639343,0.1080000000000001,82,446
0.0025655741337686777,1.0,0.11,0.1555977229601518,0.26929392446633826,0.1100000000000001,82,445
0.002577683888375759,1.0,0.112,0.155893536121673,0.26973684210526316,0.1120000000000001,82,444
0.002583571709692478,1.0,0.114,0.15619047619047619,0.2701812191103789,0.1140000000000001,82,443
0.002594840480014682,1.0,0.116,0.15648854961832062,0.2706270627062706,0.1160000000000001,82,442
0.0026016244664788246,1.0,0.118,0.15678776290630975,0.27107438016528923,0.11799999999999988,82,441
0.0026124052237719297,1.0,0.12,0.15708812260536398,0.271523178807947,0.1200000000000001,82,440
0.0026291068643331528,1.0,0.122,0.15738963531669867,0.27197346600331673,0.12199999999999989,82,439
0.0026315588038414717,1.0,0.124,0.1576923076923077,0.2724252491694352,0.12400000000000011,82,438
0.002632449846714735,1.0,0.126,0.1579961464354528,0.27287853577371046,0.1259999999999999,82,437
0.002642317209392786,1.0,0.128,0.1583011583011583,0.2733333333333333,0.1280000000000001,82,436
0.0026569548062980175,1.0,0.13,0.15860735009671179,0.27378964941569284,0.1299999999999999,82,435
0.0026738957967609167,1.0,0.132,0.15891472868217055,0.27424749163879597,0.13200000000000012,82,434
0.0026802346110343933,1.0,0.134,0.15922330097087378,0.2747068676716918,0.1339999999999999,82,433
0.0026874050963670015,1.0,0.136,0.15953307392996108,0.2751677852348993,0.13600000000000012,82,432
0.0026988983154296875,1.0,0.138,0.15984405458089668,0.27563025210084036,0.1379999999999999,82,431
0.002699452918022871,1.0,0.14,0.16015625,0.2760942760942761,0.14000000000000012,82,430
0.002732344903051853,1.0,0.142,0.16046966731898238,0.2765598650927487,0.1419999999999999,82,429
0.0027352438773959875,1.0,0.144,0.1607843137254902,0.27702702702702703,0.1439999999999999,82,428
0.0027557110879570246,1.0,0.146,0.16110019646365423,0.27749576988155666,0.1459999999999999,82,427
0.0027646308299154043,1.0,0.148,0.16141732283464566,0.27796610169491526,0.1479999999999999,82,426
0.0027682813815772533,1.0,0.15,0.16173570019723865,0.27843803056027167,0.1499999999999999,82,425
0.0027927239425480366,1.0,0.152,0.16205533596837945,0.2789115646258503,0.1519999999999999,82,424
0.0027937653940171003,1.0,0.154,0.16237623762376238,0.27938671209540034,0.15399999999999991,82,423
0.002812502905726433,1.0,0.156,0.1626984126984127,0.27986348122866894,0.15599999999999992,82,422
0.002821289701387286,1.0,0.158,0.16302186878727634,0.28034188034188035,0.15799999999999992,82,421
0.002827008720487356,1.0,0.16,0.16334661354581673,0.2808219178082192,0.15999999999999992,82,420
0.002890267875045538,1.0,0.162,0.16367265469061876,0.28130360205831906,0.16199999999999992,82,419
0.0029003899544477463,1.0,0.164,0.164,0.281786941580756,0.16399999999999992,82,418
0.0029075820930302143,1.0,0.166,0.16432865731462926,0.2822719449225473,0.16599999999999993,82,417
0.0029082803521305323,1.0,0.168,0.1646586345381526,0.2827586206896552,0.16799999999999993,82,416
0.002920114202424884,1.0,0.17,0.16498993963782696,0.28324697754749567,0.16999999999999993,82,415
0.002927764318883419,1.0,0.172,0.16532258064516128,0.2837370242214533,0.17199999999999993,82,414
0.0029449358116835356,1.0,0.174,0.16565656565656567,0.28422876949740034,0.17399999999999993,82,413
0.0029571447521448135,1.0,0.176,0.1659919028340081,0.2847222222222222,0.17599999999999993,82,412
0.00296840094961226,1.0,0.178,0.1663286004056795,0.2852173913043478,0.17799999999999994,82,411
0.0029721949249505997,1.0,0.18,0.16666666666666666,0.2857142857142857,0.17999999999999994,82,410
0.002972763031721115,1.0,0.182,0.1670061099796334,0.2862129144851658,0.18199999999999994,82,409
0.002997458213940263,1.0,0.184,0.1673469387755102,0.2867132867132867,0.18399999999999994,82,408
0.003000538796186447,1.0,0.186,0.16768916155419222,0.287215411558669,0.18599999999999994,82,407
0.0030638347379863262,1.0,0.188,0.1680327868852459,0.28771929824561404,0.18799999999999994,82,406
0.003063882701098919,1.0,0.19,0.16837782340862423,0.28822495606326887,0.18999999999999995,82,405
0.003071629209443927,1.0,0.192,0.16872427983539096,0.2887323943661972,0.19199999999999995,82,404
0.003097918815910816,1.0,0.194,0.16907216494845362,0.2892416225749559,0.19399999999999995,82,403
0.003108988981693983,1.0,0.196,0.16942148760330578,0.28975265017667845,0.19599999999999995,82,402
0.0031240005046129227,1.0,0.198,0.16977225672877846,0.2902654867256637,0.19799999999999995,82,401
0.0031441778410226107,1.0,0.2,0.17012448132780084,0.2907801418439716,0.19999999999999996,82,400
0.003146478906273842,1.0,0.202,0.1704781704781705,0.2912966252220249,0.20199999999999996,82,399
0.0031503920909017324,1.0,0.204,0.17083333333333334,0.2918149466192171,0.20399999999999996,82,398
0.0031510046683251858,1.0,0.206,0.17118997912317327,0.29233511586452765,0.20599999999999996,82,397
0.0031732770148664713,1.0,0.208,0.17154811715481172,0.29285714285714287,0.20799999999999996,82,396
0.0031892540864646435,0.9878048780487805,0.208,0.16981132075471697,0.2898032200357782,0.19580487804878044,81,396
0.0031962862703949213,0.9878048780487805,0.21,0.17016806722689076,0.2903225806451613,0.19780487804878044,81,395
0.0032032658345997334,0.9878048780487805,0.212,0.1705263157894737,0.29084380610412924,0.19980487804878044,81,394
0.0032232210505753756,0.9878048780487805,0.214,0.17088607594936708,0.29136690647482016,0.20180487804878044,81,393
0.0032236562110483646,0.9878048780487805,0.216,0.17124735729386892,0.2918918918918919,0.20380487804878045,81,392
0.0032371983397752047,0.9878048780487805,0.218,0.1716101694915254,0.2924187725631769,0.20580487804878045,81,391
0.003246074542403221,0.9878048780487805,0.22,0.17197452229299362,0.29294755877034356,0.20780487804878045,81,390
0.003262469545006752,0.9878048780487805,0.222,0.1723404255319149,0.29347826086956524,0.20980487804878045,81,389
0.0032641428988426924,0.9878048780487805,0.224,0.17270788912579957,0.294010889292196,0.21180487804878045,81,388
0.0032717862632125616,0.9878048780487805,0.226,0.17307692307692307,0.29454545454545455,0.21380487804878046,81,387
0.003292446956038475,0.9878048780487805,0.228,0.1734475374732334,0.29508196721311475,0.21580487804878046,81,386
0.0033193612471222878,0.9878048780487805,0.23,0.17381974248927037,0.2956204379562044,0.21780487804878046,81,385
0.003386815544217825,0.9878048780487805,0.232,0.17419354838709677,0.2961608775137112,0.21980487804878046,81,384
0.0033993199467658997,0.9878048780487805,0.234,0.17456896551724138,0.2967032967032967,0.22180487804878046,81,383
0.0034241597168147564,0.9878048780487805,0.236,0.17494600431965443,0.29724770642201837,0.22380487804878046,81,382
0.003435686696320772,0.9878048780487805,0.238,0.17532467532467533,0.2977941176470588,0.22580487804878047,81,381
0.003438226180151105,0.9878048780487805,0.24,0.175704989154013,0.2983425414364641,0.22780487804878047,81,380
0.0034438788425177336,0.9878048780487805,0.242,0.17608695652173914,0.2988929889298893,0.22980487804878047,81,379
0.0034551008138805628,0.9878048780487805,0.244,0.17647058823529413,0.29944547134935307,0.23180487804878047,81,378
0.0034576270263642073,0.9878048780487805,0.246,0.17685589519650655,0.3,0.23380487804878047,81,377
0.0034764327574521303,0.9878048780487805,0.248,0.1772428884026258,0.300556586270872,0.23580487804878048,81,376
0.0035137897357344627,0.9878048780487805,0.25,0.17763157894736842,0.30111524163568776,0.23780487804878048,81,375
0.003518700134009123,0.9878048780487805,0.252,0.17802197802197803,0.3016759776536313,0.23980487804878048,81,374
0.0035262771416455507,0.9878048780487805,0.254,0.17841409691629956,0.30223880597014924,0.24180487804878048,81,373
0.0035263090394437313,0.9878048780487805,0.256,0.17880794701986755,0.30280373831775703,0.24380487804878048,81,372
0.003529026173055172,0.975609756097561,0.256,0.17699115044247787,0.299625468164794,0.23160975609756096,80,372
0.003534196177497506,0.975609756097561,0.258,0.17738359201773837,0.300187617260788,0.23360975609756096,80,371
0.0035351132974028587,0.975609756097561,0.26,0.17777777777777778,0.3007518796992481,0.23560975609756096,80,370
0.0035466330591589212,0.975609756097561,0.262,0.17817371937639198,0.3013182674199623,0.23760975609756096,80,369
0.0035597472451627254,0.975609756097561,0.264,0.17857142857142858,0.3018867924528302,0.23960975609756097,80,368
0.003567966865375638,0.975609756097561,0.266,0.1789709172259508,0.30245746691871456,0.24160975609756097,80,367
0.0035702409222722054,0.975609756097561,0.268,0.17937219730941703,0.30303030303030304,0.24360975609756097,80,366
0.003583370940759778,0.975609756097561,0.27,0.1797752808988764,0.3036053130929791,0.24560975609756097,80,365
0.0035951908212155104,0.975609756097561,0.272,0.18018018018018017,0.3041825095057034,0.24760975609756097,80,364
0.0035975484643131495,0.975609756097561,0.274,0.18058690744920994,0.3047619047619048,0.24960975609756098,80,363
0.0036001254338771105,0.975609756097561,0.276,0.18099547511312217,0.3053435114503817,0.251609756097561,80,362
0.00360122905112803,0.975609756097561,0.278,0.18140589569160998,0.30592734225621415,0.253609756097561,80,361
0.003605923382565379,0.975609756097561,0.28,0.18181818181818182,0.3065134099616858,0.255609756097561,80,360
0.0036125050392001867,0.975609756097561,0.282,0.18223234624145787,0.30710172744721687,0.257609756097561,80,359
0.0036424980498850346,0.975609756097561,0.284,0.182648401826484,0.3076923076923077,0.259609756097561,80,358
0.0036509716883301735,0.975609756097561,0.286,0.18306636155606407,0.30828516377649323,0.261609756097561,80,357
0.003652826650068164,0.975609756097561,0.288,0.1834862385321101,0.3088803088803089,0.263609756097561,80,356
0.0036583549808710814,0.975609756097561,0.29,0.1839080459770115,0.30947775628626695,0.265609756097561,80,355
0.0036651534028351307,0.975609756097561,0.292,0.18433179723502305,0.31007751937984496,0.267609756097561,80,354
0.0037190024740993977,0.975609756097561,0.294,0.18475750577367206,0.3106796116504854,0.269609756097561,80,353
0.0037198434583842754,0.975609756097561,0.296,0.18518518518518517,0.311284046692607,0.271609756097561,80,352
0.0037222958635538816,0.975609756097561,0.298,0.18561484918793503,0.31189083820662766,0.273609756097561,80,351
0.003725089132785797,0.975609756097561,0.3,0.18604651162790697,0.3125,0.275609756097561,80,350
0.003734465455636382,0.975609756097561,0.302,0.1864801864801865,0.3131115459882583,0.277609756097561,80,349
0.003751779440790415,0.975609756097561,0.304,0.18691588785046728,0.3137254901960784,0.279609756097561,80,348
0.003763754153624177,0.975609756097561,0.306,0.1873536299765808,0.3143418467583497,0.281609756097561,80,347
0.003803881350904703,0.975609756097561,0.308,0.18779342723004694,0.31496062992125984,0.283609756097561,80,346
0.0038093365728855133,0.975609756097561,0.31,0.18823529411764706,0.3155818540433925,0.285609756097561,80,345
0.0038099591620266438,0.975609756097561,0.312,0.18867924528301888,0.31620553359683795,0.287609756097561,80,344
0.003813528222963214,0.975609756097561,0.314,0.18912529550827423,0.31683168316831684,0.289609756097561,80,343
0.0038205052260309458,0.975609756097561,0.316,0.1895734597156398,0.31746031746031744,0.291609756097561,80,342
0.003821672173216939,0.975609756097561,0.318,0.19002375296912113,0.31809145129224653,0.293609756097561,80,341
0.00382434343919158,0.975609756097561,0.32,0.19047619047619047,0.3187250996015936,0.295609756097561,80,340
0.0038261516019701958,0.975609756097561,0.322,0.1909307875894988,0.3193612774451098,0.297609756097561,80,339
0.003830798203125596,0.975609756097561,0.324,0.19138755980861244,0.32,0.299609756097561,80,338
0.0038681686855852604,0.975609756097561,0.326,0.19184652278177458,0.32064128256513025,0.301609756097561,80,337
0.0038757717702537775,0.975609756097561,0.328,0.19230769230769232,0.321285140562249,0.303609756097561,80,336
0.0038889457937330008,0.975609756097561,0.33,0.1927710843373494,0.32193158953722334,0.305609756097561,80,335
0.0039047840982675552,0.975609756097561,0.332,0.1932367149758454,0.3225806451612903,0.307609756097561,80,334
0.003907255362719297,0.975609756097561,0.334,0.1937046004842615,0.32323232323232326,0.30960975609756103,80,333
0.003923375159502029,0.975609756097561,0.336,0.1941747572815534,0.32388663967611336,0.31160975609756103,80,332
0.00393300037831068,0.975609756097561,0.338,0.19464720194647203,0.32454361054766734,0.31360975609756103,80,331
0.003933747764676809,0.9634146341463414,0.338,0.1926829268292683,0.32113821138211385,0.3014146341463415,79,331
0.003956846427172422,0.9634146341463414,0.34,0.19315403422982885,0.32179226069246436,0.3034146341463415,79,330
0.003957713022828102,0.9634146341463414,0.342,0.19362745098039216,0.3224489795918367,0.3054146341463415,79,329
0.00395858334377408,0.9634146341463414,0.344,0.1941031941031941,0.3231083844580777,0.3074146341463413,79,328
0.003973286598920822,0.9634146341463414,0.348,0.19506172839506172,0.324435318275154,0.3114146341463413,79,326
0.0039976113475859165,0.9634146341463414,0.35,0.19554455445544555,0.32510288065843623,0.3134146341463415,79,325
0.003999052569270134,0.9634146341463414,0.352,0.19602977667493796,0.32577319587628867,0.3154146341463413,79,324
0.004008078947663307,0.9512195121951219,0.352,0.19402985074626866,0.32231404958677684,0.3032195121951218,78,324
0.004032989498227835,0.9512195121951219,0.354,0.19451371571072318,0.32298136645962733,0.305219512195122,78,323
0.004060680978000164,0.9512195121951219,0.356,0.195,0.3236514522821577,0.3072195121951218,78,322
0.004078499972820282,0.9512195121951219,0.358,0.19548872180451127,0.32432432432432434,0.309219512195122,78,321
0.004111344460397959,0.9512195121951219,0.36,0.19597989949748743,0.325,0.3112195121951218,78,320
0.004112877417355776,0.9512195121951219,0.362,0.1964735516372796,0.325678496868476,0.313219512195122,78,319
0.004170509986579418,0.9512195121951219,0.364,0.19696969696969696,0.3263598326359833,0.3152195121951218,78,318
0.004174020141363144,0.9512195121951219,0.366,0.19746835443037974,0.3270440251572327,0.317219512195122,78,317
0.004208022262901068,0.9512195121951219,0.368,0.19796954314720813,0.3277310924369748,0.3192195121951218,78,316
0.004208515863865614,0.9512195121951219,0.37,0.1984732824427481,0.32842105263157895,0.321219512195122,78,315
0.00420911330729723,0.9512195121951219,0.372,0.1989795918367347,0.3291139240506329,0.3232195121951218,78,314
0.004210884682834148,0.9512195121951219,0.374,0.19948849104859334,0.3298097251585624,0.325219512195122,78,313
0.004216058179736137,0.9512195121951219,0.376,0.2,0.3305084745762712,0.3272195121951218,78,312
0.004226593300700188,0.9512195121951219,0.378,0.20051413881748073,0.33121019108280253,0.329219512195122,78,311
0.004227400291711092,0.9390243902439024,0.378,0.19845360824742267,0.3276595744680851,0.3170243902439025,77,311
0.004232805222272873,0.926829268292683,0.378,0.19638242894056848,0.32409381663113007,0.304829268292683,76,311
0.00423484155908227,0.926829268292683,0.38,0.19689119170984457,0.3247863247863248,0.306829268292683,76,310
0.004243007395416498,0.926829268292683,0.382,0.1974025974025974,0.32548179871520344,0.308829268292683,76,309
0.004250481724739075,0.926829268292683,0.384,0.19791666666666666,0.3261802575107296,0.310829268292683,76,308
0.004270865581929684,0.926829268292683,0.386,0.19843342036553524,0.32688172043010755,0.312829268292683,76,307
0.004280091729015112,0.926829268292683,0.388,0.19895287958115182,0.3275862068965517,0.314829268292683,76,306
0.004287026822566986,0.926829268292683,0.39,0.1994750656167979,0.3282937365010799,0.316829268292683,76,305
0.004287377465516329,0.926829268292683,0.392,0.2,0.329004329004329,0.318829268292683,76,304
0.004295121878385544,0.926829268292683,0.394,0.20052770448548812,0.3297180043383948,0.320829268292683,76,303
0.004301247652620077,0.926829268292683,0.396,0.20105820105820105,0.33043478260869563,0.322829268292683,76,302
0.004312692675739527,0.9146341463414634,0.396,0.1989389920424403,0.32679738562091504,0.31063414634146347,75,302
0.004318596329540014,0.9146341463414634,0.398,0.19946808510638298,0.32751091703056767,0.31263414634146347,75,301
0.004321196582168341,0.9146341463414634,0.4,0.2,0.3282275711159737,0.31463414634146347,75,300
0.0043307701125741005,0.9146341463414634,0.402,0.20053475935828877,0.32894736842105265,0.3166341463414635,75,299
0.004338790196925402,0.9146341463414634,0.404,0.20107238605898123,0.32967032967032966,0.3186341463414635,75,298
0.004339766688644886,0.9146341463414634,0.406,0.20161290322580644,0.3303964757709251,0.3206341463414635,75,297
0.004342833533883095,0.9146341463414634,0.408,0.20215633423180593,0.33112582781456956,0.3226341463414635,75,296
0.004345095716416836,0.9146341463414634,0.41,0.20270270270270271,0.33185840707964603,0.3246341463414635,75,295
0.004356036894023418,0.9146341463414634,0.412,0.2032520325203252,0.3325942350332594,0.3266341463414635,75,294
0.004361290950328112,0.9146341463414634,0.414,0.20380434782608695,0.3333333333333333,0.3286341463414635,75,293
0.004373499192297459,0.9146341463414634,0.416,0.20435967302452315,0.33407572383073497,0.3306341463414635,75,292
0.004382526036351919,0.9146341463414634,0.418,0.20491803278688525,0.33482142857142855,0.3326341463414635,75,291
0.004385773092508316,0.9024390243902439,0.418,0.20273972602739726,0.33109619686800895,0.32043902439024397,74,291
0.004421708174049854,0.9024390243902439,0.42,0.2032967032967033,0.33183856502242154,0.32243902439024397,74,290
0.004423822276294231,0.8902439024390244,0.42,0.20110192837465565,0.32808988764044944,0.31024390243902444,73,290
0.0044320374727249146,0.8902439024390244,0.422,0.20165745856353592,0.32882882882882886,0.31224390243902445,73,289
0.004434411413967609,0.8902439024390244,0.424,0.20221606648199447,0.3295711060948081,0.31424390243902445,73,288
0.004446608014404774,0.8902439024390244,0.426,0.20277777777777778,0.33031674208144796,0.31624390243902445,73,287
0.004453778266906738,0.8902439024390244,0.428,0.20334261838440112,0.3310657596371882,0.31824390243902445,73,286
0.004461539909243584,0.8902439024390244,0.43,0.20391061452513967,0.33181818181818185,0.32024390243902445,73,285
0.004469696898013353,0.8902439024390244,0.432,0.20448179271708683,0.3325740318906606,0.32224390243902445,73,284
0.004475266207009554,0.8780487804878049,0.432,0.20224719101123595,0.3287671232876712,0.31004878048780493,72,284
0.004487210884690285,0.8780487804878049,0.434,0.2028169014084507,0.3295194508009153,0.31204878048780493,72,283
0.004510137252509594,0.8780487804878049,0.436,0.2033898305084746,0.3302752293577982,0.31404878048780493,72,282
0.004526931326836348,0.8780487804878049,0.438,0.20396600566572237,0.3310344827586207,0.31604878048780494,72,281
0.004533556755632162,0.8780487804878049,0.44,0.20454545454545456,0.3317972350230415,0.31804878048780494,72,280
0.004539409652352333,0.8658536585365854,0.44,0.2022792022792023,0.3279445727482679,0.3058536585365854,71,280
0.0045417179353535175,0.8658536585365854,0.442,0.20285714285714285,0.3287037037037037,0.3078536585365854,71,279
0.004560837056487799,0.8536585365853658,0.442,0.20057306590257878,0.3248259860788863,0.2956585365853659,70,279
0.004573540296405554,0.8536585365853658,0.444,0.20114942528735633,0.32558139534883723,0.2976585365853659,70,278
0.004574285354465246,0.8536585365853658,0.446,0.2017291066282421,0.32634032634032634,0.2996585365853659,70,277
0.0045778085477650166,0.8536585365853658,0.448,0.2023121387283237,0.32710280373831774,0.3016585365853659,70,276
0.004595327191054821,0.8536585365853658,0.45,0.2028985507246377,0.32786885245901637,0.3036585365853659,70,275
0.0045973556116223335,0.8536585365853658,0.452,0.20348837209302326,0.3286384976525822,0.3056585365853659,70,274
0.004601066932082176,0.8536585365853658,0.454,0.20408163265306123,0.32941176470588235,0.3076585365853659,70,273
0.004628017544746399,0.8536585365853658,0.456,0.2046783625730994,0.330188679245283,0.3096585365853659,70,272
0.004638658836483955,0.8536585365853658,0.458,0.20527859237536658,0.3309692671394799,0.3116585365853659,70,271
0.004647667985409498,0.8536585365853658,0.46,0.20588235294117646,0.33175355450236965,0.3136585365853659,70,270
0.004657461307942867,0.8536585365853658,0.462,0.20648967551622419,0.332541567695962,0.3156585365853659,70,269
0.004672590177506208,0.8414634146341463,0.462,0.20414201183431951,0.32857142857142857,0.3034634146341464,69,269
0.004712065681815147,0.8414634146341463,0.464,0.20474777448071216,0.32935560859188545,0.3054634146341464,69,268
0.0047165085561573505,0.8414634146341463,0.466,0.20535714285714285,0.33014354066985646,0.3074634146341464,69,267
0.004720380529761314,0.8414634146341463,0.468,0.20597014925373133,0.33093525179856115,0.3094634146341464,69,266
0.00473056873306632,0.8292682926829268,0.468,0.20359281437125748,0.3269230769230769,0.29726829268292687,68,266
0.0047524115070700645,0.8292682926829268,0.47,0.2042042042042042,0.327710843373494,0.2992682926829269,68,265
0.004755641799420118,0.8292682926829268,0.472,0.20481927710843373,0.3285024154589372,0.30126829268292665,68,264
0.004781582858413458,0.8292682926829268,0.474,0.2054380664652568,0.32929782082324455,0.3032682926829269,68,263
0.004833059851080179,0.8292682926829268,0.476,0.20606060606060606,0.3300970873786408,0.30526829268292666,68,262
0.004839680623263121,0.8292682926829268,0.478,0.2066869300911854,0.3309002433090024,0.3072682926829269,68,261
0.004844204522669315,0.8292682926829268,0.48,0.2073170731707317,0.33170731707317075,0.30926829268292666,68,260
0.0048514073714613914,0.8292682926829268,0.482,0.20795107033639143,0.33251833740831294,0.3112682926829269,68,259
0.004851966630667448,0.8170731707317073,0.482,0.20552147239263804,0.3284313725490196,0.29907317073170736,67,259
0.00485429260879755,0.8170731707317073,0.484,0.20615384615384616,0.32923832923832924,0.30107317073170714,67,258
0.0048684123903512955,0.8170731707317073,0.486,0.20679012345679013,0.33004926108374383,0.30307317073170736,67,257
0.004880931228399277,0.8170731707317073,0.488,0.20743034055727555,0.3308641975308642,0.30507317073170714,67,256
0.004885426256805658,0.8170731707317073,0.49,0.2080745341614907,0.3316831683168317,0.30707317073170737,67,255
0.004885746631771326,0.8170731707317073,0.492,0.2087227414330218,0.3325062034739454,0.30907317073170715,67,254
0.004894738085567951,0.8170731707317073,0.494,0.209375,0.3333333333333333,0.31107317073170737,67,253
0.004902205895632505,0.8170731707317073,0.496,0.21003134796238246,0.3341645885286783,0.31307317073170715,67,252
0.004911246709525585,0.8170731707317073,0.498,0.21069182389937108,0.335,0.3150731707317074,67,251
0.00492487708106637,0.8170731707317073,0.5,0.2113564668769716,0.3358395989974937,0.31707317073170715,67,250
0.004942234605550766,0.8170731707317073,0.502,0.2120253164556962,0.33668341708542715,0.3190731707317074,67,249
0.00494822021573782,0.8170731707317073,0.504,0.2126984126984127,0.33753148614609574,0.32107317073170716,67,248
0.004955708514899015,0.8170731707317073,0.506,0.21337579617834396,0.3383838383838384,0.3230731707317074,67,247
0.00496572395786643,0.8170731707317073,0.508,0.21405750798722045,0.3392405063291139,0.32507317073170716,67,246
0.004967286251485348,0.8048780487804879,0.508,0.21153846153846154,0.3350253807106599,0.31287804878048786,66,246
0.004976625554263592,0.8048780487804879,0.51,0.21221864951768488,0.33587786259541985,0.31487804878048786,66,245
0.004986954852938652,0.8048780487804879,0.512,0.2129032258064516,0.336734693877551,0.31687804878048786,66,244
0.0049874563701450825,0.8048780487804879,0.514,0.21359223300970873,0.3375959079283887,0.31887804878048787,66,243
0.0049988990649580956,0.8048780487804879,0.516,0.21428571428571427,0.3384615384615385,0.32087804878048787,66,242
0.005,0.8048780487804879,0.518,0.21498371335504887,0.3393316195372751,0.32287804878048787,66,241
0.005016354378312826,0.8048780487804879,0.518,0.21498371335504887,0.3393316195372751,0.32287804878048787,66,241
0.005023563746362925,0.8048780487804879,0.52,0.21568627450980393,0.3402061855670103,0.32487804878048787,66,240
0.005028964951634407,0.8048780487804879,0.522,0.21639344262295082,0.34108527131782945,0.3268780487804879,66,239
0.005073570180684328,0.8048780487804879,0.524,0.21710526315789475,0.34196891191709844,0.3288780487804879,66,238
0.005082158371806145,0.8048780487804879,0.526,0.21782178217821782,0.34285714285714286,0.3308780487804879,66,237
0.005088565871119499,0.8048780487804879,0.528,0.2185430463576159,0.34375,0.3328780487804879,66,236
0.005089777987450361,0.7926829268292683,0.528,0.2159468438538206,0.3394255874673629,0.32068292682926836,65,236
0.005096862558275461,0.7926829268292683,0.53,0.21666666666666667,0.3403141361256545,0.32268292682926836,65,235
0.005111032165586948,0.7926829268292683,0.532,0.21739130434782608,0.34120734908136485,0.32468292682926836,65,234
0.00512530654668808,0.7926829268292683,0.534,0.2181208053691275,0.34210526315789475,0.32668292682926836,65,233
0.005126809235662222,0.7926829268292683,0.536,0.21885521885521886,0.34300791556728233,0.32868292682926836,65,232
0.005128210410475731,0.7926829268292683,0.538,0.2195945945945946,0.3439153439153439,0.33068292682926836,65,231
0.005134357139468193,0.7926829268292683,0.54,0.22033898305084745,0.3448275862068966,0.33268292682926837,65,230
0.005143627990037203,0.7926829268292683,0.542,0.22108843537414966,0.34574468085106386,0.33468292682926837,65,229
0.005151048768311739,0.7926829268292683,0.544,0.22184300341296928,0.3466666666666667,0.33668292682926837,65,228
0.005151686724275351,0.7926829268292683,0.546,0.2226027397260274,0.34759358288770054,0.33868292682926837,65,227
0.005158524494618177,0.7926829268292683,0.548,0.22336769759450173,0.3485254691689008,0.3406829268292684,65,226
0.005168687552213669,0.7926829268292683,0.55,0.22413793103448276,0.34946236559139787,0.3426829268292684,65,225
0.0051876576617360115,0.7926829268292683,0.552,0.22491349480968859,0.3504043126684636,0.3446829268292684,65,224
0.005209476221352816,0.7926829268292683,0.554,0.22569444444444445,0.35135135135135137,0.3466829268292684,65,223
0.005229432135820389,0.7926829268292683,0.556,0.2264808362369338,0.3523035230352303,0.3486829268292684,65,222
0.005241975653916597,0.7926829268292683,0.558,0.22727272727272727,0.3532608695652174,0.3506829268292684,65,221
0.005246797110885382,0.7926829268292683,0.56,0.22807017543859648,0.3542234332425068,0.3526829268292684,65,220
0.005256507080048323,0.7926829268292683,0.562,0.22887323943661972,0.3551912568306011,0.3546829268292684,65,219
0.0052596647292375565,0.7926829268292683,0.564,0.22968197879858657,0.3561643835616438,0.35668292682926817,65,218
0.00525984400883317,0.7926829268292683,0.566,0.23049645390070922,0.35714285714285715,0.3586829268292684,65,217
0.005271445959806442,0.7926829268292683,0.568,0.2313167259786477,0.3581267217630854,0.36068292682926817,65,216
0.005275880452245474,0.7926829268292683,0.57,0.23214285714285715,0.35911602209944754,0.3626829268292684,65,215
0.005279595497995615,0.7926829268292683,0.572,0.23297491039426524,0.3601108033240997,0.3646829268292682,65,214
0.005317637696862221,0.7804878048780488,0.572,0.2302158273381295,0.35555555555555557,0.35248780487804865,64,214
0.005319226533174515,0.7804878048780488,0.574,0.23104693140794225,0.3565459610027855,0.3544878048780489,64,213
0.005323507357388735,0.7682926829268293,0.574,0.22826086956521738,0.35195530726256985,0.34229268292682935,63,213
0.005382627248764038,0.7682926829268293,0.576,0.2290909090909091,0.35294117647058826,0.34429268292682913,63,212
0.0053909760899841785,0.7682926829268293,0.578,0.22992700729927007,0.3539325842696629,0.34629268292682935,63,211
0.005399601999670267,0.7682926829268293,0.58,0.23076923076923078,0.35492957746478876,0.34829268292682913,63,210
0.00541197182610631,0.7682926829268293,0.582,0.23161764705882354,0.3559322033898305,0.35029268292682936,63,209
0.005459913983941078,0.7682926829268293,0.584,0.23247232472324722,0.35694050991501414,0.35229268292682914,63,208
0.00546940416097641,0.7682926829268293,0.586,0.23333333333333334,0.35795454545454547,0.35429268292682936,63,207
0.005493060685694218,0.7560975609756098,0.586,0.23048327137546468,0.35327635327635326,0.34209756097560984,62,207
0.0055121928453445435,0.7560975609756098,0.588,0.23134328358208955,0.35428571428571426,0.3440975609756096,62,206
0.005514655262231827,0.7560975609756098,0.59,0.23220973782771537,0.3553008595988539,0.34609756097560984,62,205
0.00552373519167304,0.7560975609756098,0.592,0.23308270676691728,0.3563218390804598,0.3480975609756096,62,204
0.005527861882001162,0.7560975609756098,0.594,0.2339622641509434,0.3573487031700288,0.35009756097560985,62,203
0.005528617184609175,0.7560975609756098,0.596,0.23484848484848486,0.3583815028901734,0.3520975609756096,62,202
0.005529602523893118,0.7560975609756098,0.598,0.23574144486692014,0.35942028985507246,0.35409756097560985,62,201
0.005538813769817352,0.7560975609756098,0.6,0.2366412213740458,0.36046511627906974,0.35609756097560963,62,200
0.005544077139347792,0.7560975609756098,0.602,0.23754789272030652,0.36151603498542273,0.35809756097560985,62,199
0.0055502853356301785,0.7560975609756098,0.604,0.23846153846153847,0.36257309941520466,0.36009756097560963,62,198
0.005566603038460016,0.7560975609756098,0.606,0.23938223938223938,0.36363636363636365,0.36209756097560986,62,197
0.005577684845775366,0.7560975609756098,0.608,0.24031007751937986,0.36470588235294116,0.36409756097560964,62,196
0.005579755641520023,0.7560975609756098,0.61,0.24124513618677043,0.36578171091445427,0.36609756097560986,62,195
0.005587698891758919,0.7560975609756098,0.612,0.2421875,0.3668639053254438,0.36809756097560964,62,194
0.005627094302326441,0.7560975609756098,0.614,0.24313725490196078,0.36795252225519287,0.37009756097560986,62,193
0.0056474353186786175,0.7560975609756098,0.616,0.2440944881889764,0.36904761904761907,0.37209756097560964,62,192
0.005657391157001257,0.7560975609756098,0.618,0.2450592885375494,0.3701492537313433,0.37409756097560987,62,191
0.005658652633428574,0.7560975609756098,0.62,0.24603174603174602,0.3712574850299401,0.37609756097560965,62,190
0.0056679993867874146,0.7560975609756098,0.622,0.24701195219123506,0.37237237237237236,0.37809756097560987,62,189
0.005698653403669596,0.7560975609756098,0.624,0.248,0.37349397590361444,0.38009756097560965,62,188
0.005711013916879892,0.7560975609756098,0.626,0.24899598393574296,0.37462235649546827,0.3820975609756099,62,187
0.005718147847801447,0.7560975609756098,0.628,0.25,0.37575757575757573,0.38409756097560965,62,186
0.0057257493026554585,0.7560975609756098,0.63,0.25101214574898784,0.3768996960486322,0.3860975609756099,62,185
0.005749008618295193,0.7560975609756098,0.632,0.25203252032520324,0.3780487804878049,0.38809756097560966,62,184
0.005778799299150705,0.7560975609756098,0.634,0.2530612244897959,0.37920489296636084,0.3900975609756099,62,183
0.005789609160274267,0.7560975609756098,0.636,0.2540983606557377,0.3803680981595092,0.39209756097560966,62,182
0.005798080004751682,0.7439024390243902,0.636,0.25102880658436216,0.37538461538461537,0.37990243902439014,61,182
0.005820207763463259,0.7439024390243902,0.638,0.25206611570247933,0.3765432098765432,0.38190243902439036,61,181
0.005839119199663401,0.7317073170731707,0.638,0.24896265560165975,0.3715170278637771,0.36970731707317084,60,181
0.005844954401254654,0.7317073170731707,0.64,0.25,0.37267080745341613,0.3717073170731706,60,180
0.0058690509758889675,0.7317073170731707,0.642,0.2510460251046025,0.37383177570093457,0.37370731707317084,60,179
0.005931045860052109,0.7317073170731707,0.644,0.25210084033613445,0.375,0.3757073170731706,60,178
0.0059370738454163074,0.7317073170731707,0.646,0.25316455696202533,0.3761755485893417,0.37770731707317085,60,177
0.005947292782366276,0.7317073170731707,0.648,0.2542372881355932,0.37735849056603776,0.3797073170731706,60,176
0.005998242646455765,0.7317073170731707,0.65,0.2553191489361702,0.3785488958990536,0.38170731707317085,60,175
0.006000236142426729,0.7317073170731707,0.652,0.2564102564102564,0.379746835443038,0.38370731707317063,60,174
0.006007469724863768,0.7317073170731707,0.654,0.2575107296137339,0.38095238095238093,0.38570731707317085,60,173
0.0060324412770569324,0.7317073170731707,0.656,0.25862068965517243,0.3821656050955414,0.38770731707317063,60,172
0.006084069609642029,0.7317073170731707,0.658,0.2597402597402597,0.38338658146964855,0.38970731707317086,60,171
0.006160869728773832,0.7195121951219512,0.658,0.2565217391304348,0.3782051282051282,0.37751219512195133,59,171
0.006164988037198782,0.7195121951219512,0.66,0.2576419213973799,0.37942122186495175,0.3795121951219511,59,170
0.006196621339768171,0.7195121951219512,0.662,0.25877192982456143,0.38064516129032255,0.38151219512195134,59,169
0.006227867212146521,0.7195121951219512,0.664,0.2599118942731278,0.3818770226537217,0.3835121951219511,59,168
0.006257703062146902,0.7195121951219512,0.666,0.2610619469026549,0.38311688311688313,0.38551219512195134,59,167
0.006278851069509983,0.7195121951219512,0.668,0.26222222222222225,0.38436482084690554,0.3875121951219511,59,166
0.006289666518568993,0.7195121951219512,0.67,0.26339285714285715,0.38562091503267976,0.38951219512195134,59,165
0.006301694083958864,0.7073170731707317,0.67,0.2600896860986547,0.380327868852459,0.3773170731707318,58,165
0.006326681934297085,0.7073170731707317,0.672,0.26126126126126126,0.3815789473684211,0.3793170731707316,58,164
0.00632902979850769,0.7073170731707317,0.674,0.26244343891402716,0.38283828382838286,0.3813170731707318,58,163
0.006341120693832636,0.7073170731707317,0.676,0.2636363636363636,0.3841059602649007,0.3833170731707316,58,162
0.006367726717144251,0.7073170731707317,0.678,0.2648401826484018,0.3853820598006645,0.3853170731707318,58,161
0.006388781126588583,0.7073170731707317,0.68,0.26605504587155965,0.38666666666666666,0.3873170731707316,58,160
0.006395637523382902,0.7073170731707317,0.682,0.2672811059907834,0.3879598662207358,0.38931707317073183,58,159
0.0064049833454191685,0.7073170731707317,0.684,0.26851851851851855,0.38926174496644295,0.3913170731707316,58,158
0.006411264650523663,0.7073170731707317,0.686,0.26976744186046514,0.39057239057239057,0.39331707317073183,58,157
0.006424400024116039,0.6951219512195121,0.686,0.26635514018691586,0.38513513513513514,0.3811219512195123,57,157
0.00648865383118391,0.6951219512195121,0.688,0.2676056338028169,0.3864406779661017,0.3831219512195121,57,156
0.006502211559563875,0.6951219512195121,0.69,0.2688679245283019,0.3877551020408163,0.3851219512195121,57,155
0.0065195271745324135,0.6951219512195121,0.692,0.27014218009478674,0.3890784982935154,0.3871219512195121,57,154
0.006519894581288099,0.6829268292682927,0.692,0.26666666666666666,0.3835616438356164,0.37492682926829257,56,154
0.006531862076371908,0.6707317073170732,0.692,0.2631578947368421,0.37800687285223367,0.36273170731707305,55,154
0.006533761974424124,0.6707317073170732,0.694,0.2644230769230769,0.3793103448275862,0.3647317073170733,55,153
0.006568965036422014,0.6707317073170732,0.696,0.26570048309178745,0.3806228373702422,0.36673170731707305,55,152
0.006570651661604643,0.6585365853658537,0.696,0.2621359223300971,0.375,0.35453658536585353,54,152
0.006579082924872637,0.6585365853658537,0.698,0.2634146341463415,0.37630662020905925,0.35653658536585375,54,151
0.00658283568918705,0.6585365853658537,0.7,0.2647058823529412,0.3776223776223776,0.35853658536585353,54,150
0.006644240114837885,0.6463414634146342,0.7,0.26108374384236455,0.3719298245614035,0.346341463414634,53,150
0.006676774937659502,0.6463414634146342,0.702,0.2623762376237624,0.3732394366197183,0.34834146341463423,53,149
0.006735090631991625,0.6463414634146342,0.704,0.263681592039801,0.3745583038869258,0.350341463414634,53,148
0.006796729750931263,0.6341463414634146,0.704,0.26,0.36879432624113473,0.3381463414634145,52,148
0.006826792377978563,0.6341463414634146,0.706,0.2613065326633166,0.3701067615658363,0.3401463414634147,52,147
0.006844182964414358,0.6341463414634146,0.708,0.26262626262626265,0.37142857142857144,0.3421463414634145,52,146
0.006858633831143379,0.6219512195121951,0.708,0.25888324873096447,0.3655913978494624,0.32995121951219497,51,146
0.006921245716512203,0.6219512195121951,0.71,0.2602040816326531,0.3669064748201439,0.3319512195121952,51,145
0.006937076803296804,0.6219512195121951,0.712,0.26153846153846155,0.36823104693140796,0.333951219512195,51,144
0.006951960735023022,0.6219512195121951,0.714,0.26288659793814434,0.3695652173913043,0.3359512195121952,51,143
0.006958491634577513,0.6219512195121951,0.716,0.26424870466321243,0.3709090909090909,0.337951219512195,51,142
0.007004544138908386,0.6219512195121951,0.718,0.265625,0.3722627737226277,0.3399512195121952,51,141
0.007039994467049837,0.6219512195121951,0.722,0.26842105263157895,0.375,0.3439512195121952,51,139
0.007130652200430632,0.6097560975609756,0.722,0.26455026455026454,0.36900369003690037,0.3317560975609757,50,139
0.007133326958864927,0.6097560975609756,0.724,0.26595744680851063,0.37037037037037035,0.33375609756097546,50,138
0.007155362516641617,0.6097560975609756,0.726,0.26737967914438504,0.37174721189591076,0.3357560975609757,50,137
0.007163927890360355,0.5975609756097561,0.726,0.26344086021505375,0.3656716417910448,0.32356097560975616,49,137
0.007179256994277239,0.5853658536585366,0.726,0.2594594594594595,0.3595505617977528,0.31136585365853664,48,137
0.007180090062320232,0.5853658536585366,0.728,0.2608695652173913,0.3609022556390977,0.3133658536585364,48,136
0.00718444911763072,0.5853658536585366,0.73,0.26229508196721313,0.3622641509433962,0.31536585365853664,48,135
0.007215182296931744,0.5853658536585366,0.732,0.26373626373626374,0.36363636363636365,0.3173658536585364,48,134
0.007221815641969442,0.5853658536585366,0.734,0.26519337016574585,0.3650190114068441,0.31936585365853665,48,133
0.007225296925753355,0.5853658536585366,0.736,0.26666666666666666,0.366412213740458,0.3213658536585364,48,132
0.007249385118484497,0.5853658536585366,0.738,0.2681564245810056,0.367816091954023,0.32336585365853665,48,131
0.007271821144968271,0.573170731707317,0.738,0.2640449438202247,0.36153846153846153,0.3111707317073171,47,131
0.007271999958902597,0.573170731707317,0.74,0.2655367231638418,0.36293436293436293,0.3131707317073169,47,130
0.007276508025825024,0.573170731707317,0.742,0.26704545454545453,0.3643410852713178,0.31517073170731713,47,129
0.007281300611793995,0.573170731707317,0.744,0.26857142857142857,0.3657587548638132,0.3171707317073169,47,128
0.007368650287389755,0.573170731707317,0.746,0.27011494252873564,0.3671875,0.31917073170731713,47,127
0.007403634022921324,0.573170731707317,0.748,0.27167630057803466,0.3686274509803922,0.3211707317073169,47,126
0.007414666935801506,0.573170731707317,0.75,0.27325581395348836,0.3700787401574803,0.32317073170731714,47,125
0.0074381278827786446,0.573170731707317,0.752,0.27485380116959063,0.3715415019762846,0.3251707317073169,47,124
0.007448619231581688,0.573170731707317,0.754,0.27647058823529413,0.373015873015873,0.32717073170731714,47,123
0.007468658499419689,0.573170731707317,0.756,0.2781065088757396,0.3745019920318725,0.3291707317073169,47,122
0.00746877258643508,0.573170731707317,0.758,0.27976190476190477,0.376,0.33117073170731715,47,121
0.007483527064323425,0.573170731707317,0.76,0.281437125748503,0.37751004016064255,0.3331707317073169,47,120
0.007492233999073505,0.573170731707317,0.762,0.28313253012048195,0.3790322580645161,0.33517073170731715,47,119
0.0074928258545696735,0.573170731707317,0.764,0.28484848484848485,0.3805668016194332,0.33717073170731693,47,118
0.00749432947486639,0.573170731707317,0.766,0.2865853658536585,0.3821138211382114,0.33917073170731715,47,117
0.0074953194707632065,0.573170731707317,0.768,0.2883435582822086,0.3836734693877551,0.34117073170731693,47,116
0.007498335558921099,0.573170731707317,0.77,0.29012345679012347,0.38524590163934425,0.34317073170731716,47,115
0.007513438817113638,0.573170731707317,0.772,0.2919254658385093,0.3868312757201646,0.34517073170731694,47,114
0.007517020218074322,0.573170731707317,0.774,0.29375,0.3884297520661157,0.34717073170731716,47,113
0.0075204442255198956,0.5609756097560976,0.774,0.2893081761006289,0.3817427385892116,0.33497560975609764,46,113
0.007522774860262871,0.5609756097560976,0.776,0.2911392405063291,0.38333333333333336,0.33697560975609764,46,112
0.007540846709161997,0.5609756097560976,0.778,0.2929936305732484,0.38493723849372385,0.33897560975609764,46,111
0.007540938910096884,0.5609756097560976,0.78,0.2948717948717949,0.3865546218487395,0.34097560975609764,46,110
0.007541857194155455,0.5609756097560976,0.782,0.2967741935483871,0.3881856540084388,0.34297560975609764,46,109
0.007561809383332729,0.5609756097560976,0.786,0.3006535947712418,0.39148936170212767,0.34697560975609765,46,107
0.007571387570351362,0.5487804878048781,0.786,0.29605263157894735,0.38461538461538464,0.3347804878048781,45,107
0.007575380150228739,0.5487804878048781,0.788,0.2980132450331126,0.38626609442060084,0.3367804878048781,45,106
0.007578040473163128,0.5487804878048781,0.79,0.3,0.3879310344827586,0.3387804878048781,45,105
0.007584426552057266,0.5487804878048781,0.792,0.30201342281879195,0.38961038961038963,0.34078048780487813,45,104
0.0075932713225483894,0.5487804878048781,0.794,0.30405405405405406,0.391304347826087,0.34278048780487813,45,103
0.007595693226903677,0.5365853658536586,0.794,0.29931972789115646,0.38427947598253276,0.3305853658536586,44,103
0.007653457578271627,0.524390243902439,0.794,0.2945205479452055,0.37719298245614036,0.3183902439024391,43,103
0.007656391244381666,0.524390243902439,0.796,0.296551724137931,0.3788546255506608,0.3203902439024391,43,102
0.007662769872695208,0.524390243902439,0.798,0.2986111111111111,0.3805309734513274,0.3223902439024391,43,101
0.007702481467276812,0.524390243902439,0.8,0.3006993006993007,0.38222222222222224,0.3243902439024391,43,100
0.007727647665888071,0.5121951219512195,0.8,0.29577464788732394,0.375,0.31219512195121957,42,100
0.0077323466539382935,0.5121951219512195,0.802,0.2978723404255319,0.37668161434977576,0.31419512195121957,42,99
0.00776728754863143,0.5121951219512195,0.804,0.3,0.3783783783783784,0.31619512195121957,42,98
0.007770779076963663,0.5121951219512195,0.806,0.302158273381295,0.38009049773755654,0.3181951219512196,42,97
0.007781279738992453,0.5,0.806,0.2971014492753623,0.37272727272727274,0.30600000000000005,41,97
0.007803477346897125,0.5,0.808,0.29927007299270075,0.3744292237442922,0.30800000000000005,41,96
0.007815263234078884,0.5,0.81,0.3014705882352941,0.3761467889908257,0.31000000000000005,41,95
0.007862160913646221,0.4878048780487805,0.81,0.2962962962962963,0.3686635944700461,0.29780487804878053,40,95
0.007867124862968922,0.4878048780487805,0.812,0.29850746268656714,0.37037037037037035,0.29980487804878053,40,94
0.007882603444159031,0.4878048780487805,0.814,0.3007518796992481,0.37209302325581395,0.30180487804878053,40,93
0.007910804823040962,0.4878048780487805,0.816,0.30303030303030304,0.37383177570093457,0.3038048780487803,40,92
0.007926530204713345,0.4878048780487805,0.818,0.3053435114503817,0.3755868544600939,0.30580487804878054,40,91
0.007939143106341362,0.4878048780487805,0.82,0.3076923076923077,0.37735849056603776,0.3078048780487803,40,90
0.007991157472133636,0.4878048780487805,0.822,0.31007751937984496,0.3791469194312796,0.30980487804878054,40,89
0.008013422600924969,0.4878048780487805,0.824,0.3125,0.38095238095238093,0.3118048780487803,40,88
0.008034080266952515,0.4878048780487805,0.826,0.31496062992125984,0.3827751196172249,0.31380487804878054,40,87
0.008034582249820232,0.4878048780487805,0.828,0.31746031746031744,0.38461538461538464,0.3158048780487803,40,86
0.008142122998833656,0.47560975609756095,0.828,0.312,0.37681159420289856,0.3036097560975608,39,86
0.008150638081133366,0.47560975609756095,0.83,0.31451612903225806,0.3786407766990291,0.305609756097561,39,85
0.00817010086029768,0.47560975609756095,0.832,0.3170731707317073,0.3804878048780488,0.3076097560975608,39,84
0.008177313953638077,0.47560975609756095,0.834,0.319672131147541,0.38235294117647056,0.30960975609756103,39,83
0.008205967023968697,0.47560975609756095,0.836,0.32231404958677684,0.3842364532019704,0.3116097560975608,39,82
0.008226806297898293,0.47560975609756095,0.838,0.325,0.38613861386138615,0.31360975609756103,39,81
0.008237527683377266,0.47560975609756095,0.84,0.3277310924369748,0.3880597014925373,0.3156097560975608,39,80
0.008243419229984283,0.47560975609756095,0.844,0.3333333333333333,0.39195979899497485,0.3196097560975608,39,78
0.008381019346415997,0.47560975609756095,0.846,0.33620689655172414,0.3939393939393939,0.32160975609756104,39,77
0.008382557891309261,0.47560975609756095,0.848,0.3391304347826087,0.39593908629441626,0.3236097560975608,39,76
0.008424094878137112,0.47560975609756095,0.85,0.34210526315789475,0.3979591836734694,0.32560975609756104,39,75
0.00847210269421339,0.47560975609756095,0.852,0.34513274336283184,0.4,0.3276097560975608,39,74
0.008479022420942783,0.4634146341463415,0.852,0.3392857142857143,0.3917525773195876,0.3154146341463415,38,74
0.008509475737810135,0.4634146341463415,0.854,0.34234234234234234,0.39378238341968913,0.3174146341463415,38,73
0.008631952106952667,0.4634146341463415,0.856,0.34545454545454546,0.3958333333333333,0.3194146341463415,38,72
0.008643994107842445,0.45121951219512196,0.856,0.3394495412844037,0.387434554973822,0.307219512195122,37,72
0.008674259297549725,0.43902439024390244,0.856,0.3333333333333333,0.37894736842105264,0.2950243902439025,36,72
0.00869316142052412,0.43902439024390244,0.858,0.3364485981308411,0.38095238095238093,0.2970243902439025,36,71
0.008733301423490047,0.43902439024390244,0.86,0.33962264150943394,0.3829787234042553,0.2990243902439025,36,70
0.008759267628192902,0.43902439024390244,0.862,0.34285714285714286,0.3850267379679144,0.3010243902439025,36,69
0.008790659718215466,0.43902439024390244,0.864,0.34615384615384615,0.3870967741935484,0.3030243902439025,36,68
0.008874314837157726,0.43902439024390244,0.866,0.34951456310679613,0.3891891891891892,0.3050243902439025,36,67
0.008924624882638454,0.43902439024390244,0.868,0.35294117647058826,0.391304347826087,0.3070243902439025,36,66
0.008958925493061543,0.43902439024390244,0.87,0.3564356435643564,0.39344262295081966,0.3090243902439025,36,65
0.009041872806847095,0.43902439024390244,0.872,0.36,0.3956043956043956,0.3110243902439025,36,64
0.00911211222410202,0.43902439024390244,0.874,0.36363636363636365,0.39779005524861877,0.3130243902439025,36,63
0.009134907275438309,0.43902439024390244,0.876,0.3673469387755102,0.4,0.3150243902439025,36,62
0.00921686552464962,0.43902439024390244,0.878,0.3711340206185567,0.4022346368715084,0.3170243902439025,36,61
0.009217200800776482,0.43902439024390244,0.88,0.375,0.4044943820224719,0.3190243902439025,36,60
0.009372295811772346,0.43902439024390244,0.884,0.3829787234042553,0.4090909090909091,0.3230243902439025,36,58
0.00938391126692295,0.43902439024390244,0.886,0.3870967741935484,0.4114285714285714,0.3250243902439025,36,57
0.009390829131007195,0.43902439024390244,0.888,0.391304347826087,0.41379310344827586,0.3270243902439025,36,56
0.009423866868019104,0.4268292682926829,0.888,0.38461538461538464,0.4046242774566474,0.314829268292683,35,56
0.009463025256991386,0.4268292682926829,0.89,0.3888888888888889,0.4069767441860465,0.316829268292683,35,55
0.009476707316935062,0.4268292682926829,0.892,0.39325842696629215,0.4093567251461988,0.318829268292683,35,54
0.009510381147265434,0.4268292682926829,0.894,0.3977272727272727,0.4117647058823529,0.320829268292683,35,53
0.009510929696261883,0.4268292682926829,0.896,0.40229885057471265,0.41420118343195267,0.322829268292683,35,52
0.009586498141288757,0.4268292682926829,0.898,0.4069767441860465,0.4166666666666667,0.324829268292683,35,51
0.009660622105002403,0.4146341463414634,0.898,0.4,0.40718562874251496,0.31263414634146347,34,51
0.009731902740895748,0.4146341463414634,0.9,0.40476190476190477,0.40963855421686746,0.31463414634146347,34,50
0.00974974874407053,0.4024390243902439,0.9,0.39759036144578314,0.4,0.30243902439024395,33,50
0.009871015325188637,0.3902439024390244,0.9,0.3902439024390244,0.3902439024390244,0.2902439024390244,32,50
0.009896877221763134,0.3902439024390244,0.902,0.3950617283950617,0.39263803680981596,0.29224390243902443,32,49
0.009965752251446247,0.3902439024390244,0.904,0.4,0.3950617283950617,0.29424390243902443,32,48
0.009966608136892319,0.3780487804878049,0.904,0.3924050632911392,0.38509316770186336,0.2820487804878049,31,48
0.01,0.36585365853658536,0.904,0.38461538461538464,0.375,0.2698536585365854,30,48
0.010070639662444592,0.36585365853658536,0.904,0.38461538461538464,0.375,0.2698536585365854,30,48
0.010079000145196915,0.36585365853658536,0.906,0.38961038961038963,0.37735849056603776,0.2718536585365854,30,47
0.010102448053658009,0.36585365853658536,0.908,0.39473684210526316,0.379746835443038,0.2738536585365854,30,46
0.010221589356660843,0.36585365853658536,0.91,0.4,0.3821656050955414,0.2758536585365854,30,45
0.010234024375677109,0.36585365853658536,0.912,0.40540540540540543,0.38461538461538464,0.2778536585365854,30,44
0.01029641181230545,0.35365853658536583,0.912,0.3972602739726027,0.3741935483870968,0.26565853658536587,29,44
0.010449408553540707,0.34146341463414637,0.912,0.3888888888888889,0.36363636363636365,0.25346341463414634,28,44
0.010493719950318336,0.34146341463414637,0.914,0.39436619718309857,0.3660130718954248,0.25546341463414635,28,43
0.010676674544811249,0.34146341463414637,0.916,0.4,0.3684210526315789,0.25746341463414635,28,42
0.010759714059531689,0.34146341463414637,0.918,0.4057971014492754,0.3708609271523179,0.25946341463414635,28,41
0.010827218182384968,0.32926829268292684,0.918,0.39705882352941174,0.36,0.24726829268292683,27,41
0.010855327360332012,0.32926829268292684,0.922,0.4090909090909091,0.36486486486486486,0.25126829268292683,27,39
0.010857882909476757,0.3170731707317073,0.922,0.4,0.35374149659863946,0.2390731707317073,26,39
0.010878236964344978,0.3048780487804878,0.922,0.390625,0.3424657534246575,0.22687804878048778,25,39
0.011166657321155071,0.2926829268292683,0.922,0.38095238095238093,0.3310344827586207,0.21468292682926826,24,39
0.011259435676038265,0.2926829268292683,0.924,0.3870967741935484,0.3333333333333333,0.21668292682926826,24,38
0.011261473409831524,0.2926829268292683,0.926,0.39344262295081966,0.3356643356643357,0.21868292682926826,24,37
0.011273793876171112,0.2926829268292683,0.928,0.4,0.3380281690140845,0.22068292682926827,24,36
0.011277073062956333,0.2926829268292683,0.93,0.4067796610169492,0.3404255319148936,0.22268292682926827,24,35
0.011305621825158596,0.2926829268292683,0.932,0.41379310344827586,0.34285714285714286,0.22468292682926827,24,34
0.011548074893653393,0.2926829268292683,0.934,0.42105263157894735,0.34532374100719426,0.22668292682926827,24,33
0.011680088005959988,0.2804878048780488,0.934,0.4107142857142857,0.3333333333333333,0.21448780487804875,23,33
0.011705386452376842,0.2804878048780488,0.936,0.41818181818181815,0.3357664233576642,0.21648780487804897,23,32
0.011714210733771324,0.2804878048780488,0.938,0.42592592592592593,0.3382352941176471,0.21848780487804875,23,31
0.011757303029298782,0.2804878048780488,0.94,0.4339622641509434,0.34074074074074073,0.22048780487804875,23,30
0.011844276450574398,0.2682926829268293,0.94,0.4230769230769231,0.3283582089552239,0.20829268292682923,22,30
0.011892380192875862,0.2682926829268293,0.942,0.43137254901960786,0.3308270676691729,0.21029268292682923,22,29
0.011924809776246548,0.2682926829268293,0.944,0.44,0.3333333333333333,0.21229268292682923,22,28
0.011943843215703964,0.25609756097560976,0.944,0.42857142857142855,0.32061068702290074,0.2000975609756097,21,28
0.012174395844340324,0.25609756097560976,0.946,0.4375,0.3230769230769231,0.2020975609756097,21,27
0.012175628915429115,0.25609756097560976,0.948,0.44680851063829785,0.32558139534883723,0.20409756097560972,21,26
0.012259865179657936,0.25609756097560976,0.95,0.45652173913043476,0.328125,0.20609756097560972,21,25
0.012264838442206383,0.24390243902439024,0.95,0.4444444444444444,0.31496062992125984,0.1939024390243902,20,25
0.01238093338906765,0.24390243902439024,0.952,0.45454545454545453,0.31746031746031744,0.1959024390243902,20,24
0.01243690773844719,0.23170731707317074,0.952,0.4418604651162791,0.304,0.18370731707317067,19,24
0.012519964948296547,0.21951219512195122,0.952,0.42857142857142855,0.2903225806451613,0.17151219512195115,18,24
0.012698293663561344,0.2073170731707317,0.952,0.4146341463414634,0.2764227642276423,0.15931707317073163,17,24
0.012762394733726978,0.2073170731707317,0.954,0.425,0.2786885245901639,0.16131707317073163,17,23
0.012941872701048851,0.1951219512195122,0.954,0.41025641025641024,0.2644628099173554,0.1491219512195121,16,23
0.013131827116012573,0.18292682926829268,0.954,0.39473684210526316,0.25,0.13692682926829258,15,23
0.013174938037991524,0.18292682926829268,0.958,0.4166666666666667,0.2542372881355932,0.14092682926829259,15,21
0.013389692641794682,0.18292682926829268,0.96,0.42857142857142855,0.2564102564102564,0.1429268292682926,15,20
0.013488932512700558,0.18292682926829268,0.962,0.4411764705882353,0.25862068965517243,0.1449268292682926,15,19
0.013513796031475067,0.17073170731707318,0.962,0.42424242424242425,0.24347826086956523,0.13273170731707307,14,19
0.013792365789413452,0.17073170731707318,0.964,0.4375,0.24561403508771928,0.13473170731707307,14,18
0.014011172577738762,0.15853658536585366,0.964,0.41935483870967744,0.23008849557522124,0.12253658536585355,13,18
0.014358844608068466,0.14634146341463414,0.964,0.4,0.21428571428571427,0.11034146341463402,12,18
0.0144291240721941,0.14634146341463414,0.966,0.41379310344827586,0.21621621621621623,0.11234146341463402,12,17
0.014586593955755234,0.14634146341463414,0.968,0.42857142857142855,0.21818181818181817,0.11434146341463403,12,16
0.014986657537519932,0.13414634146341464,0.968,0.4074074074074074,0.2018348623853211,0.10214634146341472,11,16
0.014992781914770603,0.13414634146341464,0.97,0.4230769230769231,0.2037037037037037,0.1041463414634145,11,15
0.015,0.13414634146341464,0.972,0.44,0.205607476635514,0.10614634146341473,11,14
0.015138796530663967,0.13414634146341464,0.972,0.44,0.205607476635514,0.10614634146341473,11,14
0.01574873924255371,0.13414634146341464,0.974,0.4583333333333333,0.20754716981132076,0.10814634146341451,11,13
0.015777310356497765,0.12195121951219512,0.974,0.43478260869565216,0.19047619047619047,0.09595121951219499,10,13
0.01584479585289955,0.12195121951219512,0.976,0.45454545454545453,0.19230769230769232,0.09795121951219521,10,12
0.016456909477710724,0.10975609756097561,0.976,0.42857142857142855,0.17475728155339806,0.08575609756097569,9,12
0.01667090877890587,0.10975609756097561,0.978,0.45,0.17647058823529413,0.08775609756097569,9,11
0.016726695001125336,0.0975609756097561,0.978,0.42105263157894735,0.15841584158415842,0.07556097560975616,8,11
0.01683715172111988,0.0975609756097561,0.98,0.4444444444444444,0.16,0.07756097560975617,8,10
0.01717514544725418,0.08536585365853659,0.98,0.4117647058823529,0.1414141414141414,0.06536585365853664,7,10
0.01732335053384304,0.08536585365853659,0.982,0.4375,0.14285714285714285,0.06736585365853665,7,9
0.0175296813249588,0.08536585365853659,0.984,0.4666666666666667,0.14432989690721648,0.06936585365853665,7,8
0.018636582419276237,0.07317073170731707,0.984,0.42857142857142855,0.125,0.057170731707317124,6,8
0.01883758418262005,0.06097560975609756,0.984,0.38461538461538464,0.10526315789473684,0.0449756097560976,5,8
0.01923961564898491,0.06097560975609756,0.986,0.4166666666666667,0.10638297872340426,0.0469756097560976,5,7
0.02,0.06097560975609756,0.988,0.45454545454545453,0.10752688172043011,0.048975609756097604,5,6
0.02063053287565708,0.06097560975609756,0.988,0.45454545454545453,0.10752688172043011,0.048975609756097604,5,6
0.02109525166451931,0.04878048780487805,0.988,0.4,0.08695652173913043,0.03678048780487808,4,6
0.022150171920657158,0.036585365853658534,0.988,0.3333333333333333,0.06593406593406594,0.02458536585365856,3,6
0.023037735372781754,0.036585365853658534,0.99,0.375,0.06666666666666667,0.02658536585365856,3,5
0.02487175539135933,0.036585365853658534,0.992,0.42857142857142855,0.06741573033707865,0.028585365853658562,3,4
0.025,0.036585365853658534,0.994,0.5,0.06818181818181818,0.030585365853658564,3,3
0.025312986224889755,0.036585365853658534,0.994,0.5,0.06818181818181818,0.030585365853658564,3,3
0.02693399041891098,0.036585365853658534,0.996,0.6,0.06896551724137931,0.032585365853658566,3,2
0.02726854383945465,0.036585365853658534,0.998,0.75,0.06976744186046512,0.03458536585365857,3,1
0.029416745528578758,0.024390243902439025,0.998,0.6666666666666666,0.047058823529411764,0.022390243902439044,2,1
0.03,0.012195121951219513,0.998,0.5,0.023809523809523808,0.010195121951219521,1,1
0.03009485825896263,0.012195121951219513,0.998,0.5,0.023809523809523808,0.010195121951219521,1,1
0.03188484534621239,0.0,0.998,0.0,0.0,-0.0020000000000000018,0,1
0.035,0.0,1.0,0.0,0.0,0.0,0,0
0.04,0.0,1.0,0.0,0.0,0.0,0,0
0.045,0.0,1.0,0.0,0.0,0.0,0,0
0.05,0.0,1.0,0.0,0.0,0.0,0,0
0.055,0.0,1.0,0.0,0.0,0.0,0,0
0.06,0.0,1.0,0.0,0.0,0.0,0,0
0.065,0.0,1.0,0.0,0.0,0.0,0,0
0.07,0.0,1.0,0.0,0.0,0.0,0,0
0.075,0.0,1.0,0.0,0.0,0.0,0,0
0.08,0.0,1.0,0.0,0.0,0.0,0,0
0.085,0.0,1.0,0.0,0.0,0.0,0,0
0.09,0.0,1.0,0.0,0.0,0.0,0,0
0.095,0.0,1.0,0.0,0.0,0.0,0,0
0.1,0.0,1.0,0.0,0.0,0.0,0,0
0.105,0.0,1.0,0.0,0.0,0.0,0,0
0.11,0.0,1.0,0.0,0.0,0.0,0,0
0.115,0.0,1.0,0.0,0.0,0.0,0,0
0.12,0.0,1.0,0.0,0.0,0.0,0,0
0.125,0.0,1.0,0.0,0.0,0.0,0,0
0.13,0.0,1.0,0.0,0.0,0.0,0,0
0.135,0.0,1.0,0.0,0.0,0.0,0,0
0.14,0.0,1.0,0.0,0.0,0.0,0,0
0.145,0.0,1.0,0.0,0.0,0.0,0,0
0.15,0.0,1.0,0.0,0.0,0.0,0,0
0.155,0.0,1.0,0.0,0.0,0.0,0,0
0.16,0.0,1.0,0.0,0.0,0.0,0,0
0.165,0.0,1.0,0.0,0.0,0.0,0,0
0.17,0.0,1.0,0.0,0.0,0.0,0,0
0.17500000000000002,0.0,1.0,0.0,0.0,0.0,0,0
0.18,0.0,1.0,0.0,0.0,0.0,0,0
0.185,0.0,1.0,0.0,0.0,0.0,0,0
0.19,0.0,1.0,0.0,0.0,0.0,0,0
0.195,0.0,1.0,0.0,0.0,0.0,0,0
0.2,0.0,1.0,0.0,0.0,0.0,0,0
0.20500000000000002,0.0,1.0,0.0,0.0,0.0,0,0
0.21,0.0,1.0,0.0,0.0,0.0,0,0
0.215,0.0,1.0,0.0,0.0,0.0,0,0
0.22,0.0,1.0,0.0,0.0,0.0,0,0
0.225,0.0,1.0,0.0,0.0,0.0,0,0
0.23,0.0,1.0,0.0,0.0,0.0,0,0
0.23500000000000001,0.0,1.0,0.0,0.0,0.0,0,0
0.24,0.0,1.0,0.0,0.0,0.0,0,0
0.245,0.0,1.0,0.0,0.0,0.0,0,0
0.25,0.0,1.0,0.0,0.0,0.0,0,0
0.255,0.0,1.0,0.0,0.0,0.0,0,0
0.26,0.0,1.0,0.0,0.0,0.0,0,0
0.265,0.0,1.0,0.0,0.0,0.0,0,0
0.27,0.0,1.0,0.0,0.0,0.0,0,0
0.275,0.0,1.0,0.0,0.0,0.0,0,0
0.28,0.0,1.0,0.0,0.0,0.0,0,0
0.28500000000000003,0.0,1.0,0.0,0.0,0.0,0,0
0.29,0.0,1.0,0.0,0.0,0.0,0,0
0.295,0.0,1.0,0.0,0.0,0.0,0,0
0.3,0.0,1.0,0.0,0.0,0.0,0,0
0.305,0.0,1.0,0.0,0.0,0.0,0,0
0.31,0.0,1.0,0.0,0.0,0.0,0,0
0.315,0.0,1.0,0.0,0.0,0.0,0,0
0.32,0.0,1.0,0.0,0.0,0.0,0,0
0.325,0.0,1.0,0.0,0.0,0.0,0,0
0.33,0.0,1.0,0.0,0.0,0.0,0,0
0.335,0.0,1.0,0.0,0.0,0.0,0,0
0.34,0.0,1.0,0.0,0.0,0.0,0,0
0.34500000000000003,0.0,1.0,0.0,0.0,0.0,0,0
0.35000000000000003,0.0,1.0,0.0,0.0,0.0,0,0
0.355,0.0,1.0,0.0,0.0,0.0,0,0
0.36,0.0,1.0,0.0,0.0,0.0,0,0
0.365,0.0,1.0,0.0,0.0,0.0,0,0
0.37,0.0,1.0,0.0,0.0,0.0,0,0
0.375,0.0,1.0,0.0,0.0,0.0,0,0
0.38,0.0,1.0,0.0,0.0,0.0,0,0
0.385,0.0,1.0,0.0,0.0,0.0,0,0
0.39,0.0,1.0,0.0,0.0,0.0,0,0
0.395,0.0,1.0,0.0,0.0,0.0,0,0
0.4,0.0,1.0,0.0,0.0,0.0,0,0
0.405,0.0,1.0,0.0,0.0,0.0,0,0
0.41000000000000003,0.0,1.0,0.0,0.0,0.0,0,0
0.41500000000000004,0.0,1.0,0.0,0.0,0.0,0,0
0.42,0.0,1.0,0.0,0.0,0.0,0,0
0.425,0.0,1.0,0.0,0.0,0.0,0,0
0.43,0.0,1.0,0.0,0.0,0.0,0,0
0.435,0.0,1.0,0.0,0.0,0.0,0,0
0.44,0.0,1.0,0.0,0.0,0.0,0,0
0.445,0.0,1.0,0.0,0.0,0.0,0,0
0.45,0.0,1.0,0.0,0.0,0.0,0,0
0.455,0.0,1.0,0.0,0.0,0.0,0,0
0.46,0.0,1.0,0.0,0.0,0.0,0,0
0.465,0.0,1.0,0.0,0.0,0.0,0,0
0.47000000000000003,0.0,1.0,0.0,0.0,0.0,0,0
0.47500000000000003,0.0,1.0,0.0,0.0,0.0,0,0
0.48,0.0,1.0,0.0,0.0,0.0,0,0
0.485,0.0,1.0,0.0,0.0,0.0,0,0
0.49,0.0,1.0,0.0,0.0,0.0,0,0
0.495,0.0,1.0,0.0,0.0,0.0,0,0
0.5,0.0,1.0,0.0,0.0,0.0,0,0
0.505,0.0,1.0,0.0,0.0,0.0,0,0
0.51,0.0,1.0,0.0,0.0,0.0,0,0
0.515,0.0,1.0,0.0,0.0,0.0,0,0
0.52,0.0,1.0,0.0,0.0,0.0,0,0
0.525,0.0,1.0,0.0,0.0,0.0,0,0
0.53,0.0,1.0,0.0,0.0,0.0,0,0
0.535,0.0,1.0,0.0,0.0,0.0,0,0
0.54,0.0,1.0,0.0,0.0,0.0,0,0
0.545,0.0,1.0,0.0,0.0,0.0,0,0
0.55,0.0,1.0,0.0,0.0,0.0,0,0
0.555,0.0,1.0,0.0,0.0,0.0,0,0
0.56,0.0,1.0,0.0,0.0,0.0,0,0
0.5650000000000001,0.0,1.0,0.0,0.0,0.0,0,0
0.5700000000000001,0.0,1.0,0.0,0.0,0.0,0,0
0.5750000000000001,0.0,1.0,0.0,0.0,0.0,0,0
0.58,0.0,1.0,0.0,0.0,0.0,0,0
0.585,0.0,1.0,0.0,0.0,0.0,0,0
0.59,0.0,1.0,0.0,0.0,0.0,0,0
0.595,0.0,1.0,0.0,0.0,0.0,0,0
0.6,0.0,1.0,0.0,0.0,0.0,0,0
0.605,0.0,1.0,0.0,0.0,0.0,0,0
0.61,0.0,1.0,0.0,0.0,0.0,0,0
0.615,0.0,1.0,0.0,0.0,0.0,0,0
0.62,0.0,1.0,0.0,0.0,0.0,0,0
0.625,0.0,1.0,0.0,0.0,0.0,0,0
0.63,0.0,1.0,0.0,0.0,0.0,0,0
0.635,0.0,1.0,0.0,0.0,0.0,0,0
0.64,0.0,1.0,0.0,0.0,0.0,0,0
0.645,0.0,1.0,0.0,0.0,0.0,0,0
0.65,0.0,1.0,0.0,0.0,0.0,0,0
0.655,0.0,1.0,0.0,0.0,0.0,0,0
0.66,0.0,1.0,0.0,0.0,0.0,0,0
0.665,0.0,1.0,0.0,0.0,0.0,0,0
0.67,0.0,1.0,0.0,0.0,0.0,0,0
0.675,0.0,1.0,0.0,0.0,0.0,0,0
0.68,0.0,1.0,0.0,0.0,0.0,0,0
0.685,0.0,1.0,0.0,0.0,0.0,0,0
0.6900000000000001,0.0,1.0,0.0,0.0,0.0,0,0
0.6950000000000001,0.0,1.0,0.0,0.0,0.0,0,0
0.7000000000000001,0.0,1.0,0.0,0.0,0.0,0,0
0.705,0.0,1.0,0.0,0.0,0.0,0,0
0.71,0.0,1.0,0.0,0.0,0.0,0,0
0.715,0.0,1.0,0.0,0.0,0.0,0,0
0.72,0.0,1.0,0.0,0.0,0.0,0,0
0.725,0.0,1.0,0.0,0.0,0.0,0,0
0.73,0.0,1.0,0.0,0.0,0.0,0,0
0.735,0.0,1.0,0.0,0.0,0.0,0,0
0.74,0.0,1.0,0.0,0.0,0.0,0,0
0.745,0.0,1.0,0.0,0.0,0.0,0,0
0.75,0.0,1.0,0.0,0.0,0.0,0,0
0.755,0.0,1.0,0.0,0.0,0.0,0,0
0.76,0.0,1.0,0.0,0.0,0.0,0,0
0.765,0.0,1.0,0.0,0.0,0.0,0,0
0.77,0.0,1.0,0.0,0.0,0.0,0,0
0.775,0.0,1.0,0.0,0.0,0.0,0,0
0.78,0.0,1.0,0.0,0.0,0.0,0,0
0.785,0.0,1.0,0.0,0.0,0.0,0,0
0.79,0.0,1.0,0.0,0.0,0.0,0,0
0.795,0.0,1.0,0.0,0.0,0.0,0,0
0.8,0.0,1.0,0.0,0.0,0.0,0,0
0.805,0.0,1.0,0.0,0.0,0.0,0,0
0.81,0.0,1.0,0.0,0.0,0.0,0,0
0.8150000000000001,0.0,1.0,0.0,0.0,0.0,0,0
0.8200000000000001,0.0,1.0,0.0,0.0,0.0,0,0
0.8250000000000001,0.0,1.0,0.0,0.0,0.0,0,0
0.8300000000000001,0.0,1.0,0.0,0.0,0.0,0,0
0.835,0.0,1.0,0.0,0.0,0.0,0,0
0.84,0.0,1.0,0.0,0.0,0.0,0,0
0.845,0.0,1.0,0.0,0.0,0.0,0,0
0.85,0.0,1.0,0.0,0.0,0.0,0,0
0.855,0.0,1.0,0.0,0.0,0.0,0,0
0.86,0.0,1.0,0.0,0.0,0.0,0,0
0.865,0.0,1.0,0.0,0.0,0.0,0,0
0.87,0.0,1.0,0.0,0.0,0.0,0,0
0.875,0.0,1.0,0.0,0.0,0.0,0,0
0.88,0.0,1.0,0.0,0.0,0.0,0,0
0.885,0.0,1.0,0.0,0.0,0.0,0,0
0.89,0.0,1.0,0.0,0.0,0.0,0,0
0.895,0.0,1.0,0.0,0.0,0.0,0,0
0.9,0.0,1.0,0.0,0.0,0.0,0,0
0.905,0.0,1.0,0.0,0.0,0.0,0,0
0.91,0.0,1.0,0.0,0.0,0.0,0,0
0.915,0.0,1.0,0.0,0.0,0.0,0,0
0.92,0.0,1.0,0.0,0.0,0.0,0,0
0.925,0.0,1.0,0.0,0.0,0.0,0,0
0.93,0.0,1.0,0.0,0.0,0.0,0,0
0.935,0.0,1.0,0.0,0.0,0.0,0,0
0.9400000000000001,0.0,1.0,0.0,0.0,0.0,0,0
0.9450000000000001,0.0,1.0,0.0,0.0,0.0,0,0
0.9500000000000001,0.0,1.0,0.0,0.0,0.0,0,0
0.9550000000000001,0.0,1.0,0.0,0.0,0.0,0,0
0.96,0.0,1.0,0.0,0.0,0.0,0,0
0.965,0.0,1.0,0.0,0.0,0.0,0,0
0.97,0.0,1.0,0.0,0.0,0.0,0,0
0.975,0.0,1.0,0.0,0.0,0.0,0,0
0.98,0.0,1.0,0.0,0.0,0.0,0,0
0.985,0.0,1.0,0.0,0.0,0.0,0,0
0.99,0.0,1.0,0.0,0.0,0.0,0,0
0.995,0.0,1.0,0.0,0.0,0.0,0,0
1.0,0.0,1.0,0.0,0.0,0.0,0,0
